source,category,width,height,mode,has_alpha_channel,has_transparency,alpha_min,alpha_max,bytes,sha256
Content/美术/Art/01_Player/01_Idle_Run/Dir_01_Down/Idle/T_Player_Medic_Idle_Dir_01_Down_01.png,01_Player,398,480,RGBA,True,True,0,255,255722,addac8da01bc36b7288400cdb66a9853cbfbcd47fa2ff37b13a2c495a8ca8580
Content/美术/Art/01_Player/01_Idle_Run/Dir_01_Down/Idle/T_Player_Medic_Idle_Dir_01_Down_02.png,01_Player,398,480,RGBA,True,True,0,255,236585,47c7fa2f9c05475519053b4b05507de16f75fca47b92d9e38a44e3809d1ef3ce
Content/美术/Art/01_Player/01_Idle_Run/Dir_01_Down/Idle/T_Player_Medic_Idle_Dir_01_Down_03.png,01_Player,398,480,RGBA,True,True,0,255,240654,9f88f89696de40e2c97a0b017913c44f8969f49ff0f9c3b5e45c96f74ab57f13
Content/美术/Art/01_Player/01_Idle_Run/Dir_01_Down/Idle/T_Player_Medic_Idle_Dir_01_Down_04.png,01_Player,398,480,RGBA,True,True,0,255,249683,0ed602aad0b5fda7af8481299edbf2690a98bc53d7f17911ea8a49ef4a33ec0b
Content/美术/Art/01_Player/01_Idle_Run/Dir_01_Down/Idle/T_Player_Medic_Idle_Dir_01_Down_Sheet.png,01_Player,1592,480,RGBA,True,True,0,255,959229,a3db00a1f77e7b04be45217d834b868731cf80c3b9db3fc3036ab682f46e0f8a
Content/美术/Art/01_Player/01_Idle_Run/Dir_01_Down/Run/T_Player_Medic_Run_Dir_01_Down_01.png,01_Player,397,465,RGBA,True,True,0,255,237930,047dabe431499e529e1b7bcef4e5995d29b51199dd50b6706bfdd79d22952f57
Content/美术/Art/01_Player/01_Idle_Run/Dir_01_Down/Run/T_Player_Medic_Run_Dir_01_Down_02.png,01_Player,397,465,RGBA,True,True,0,255,215916,eca48797897a6979dc6952de6ad3ec70e684d74bcbfdd0cdf77bd2c19ba9507e
Content/美术/Art/01_Player/01_Idle_Run/Dir_01_Down/Run/T_Player_Medic_Run_Dir_01_Down_03.png,01_Player,397,465,RGBA,True,True,0,255,228280,6fa1ae80e30778a3094c4774c1ef256d42f1efa0d02eef7df0e947ba84483943
Content/美术/Art/01_Player/01_Idle_Run/Dir_01_Down/Run/T_Player_Medic_Run_Dir_01_Down_04.png,01_Player,397,465,RGBA,True,True,0,255,223074,2fcbc5ee647e6a25d9c27b85a274662b64cfb28ca71c6ac04d458ee76cd98c97
Content/美术/Art/01_Player/01_Idle_Run/Dir_01_Down/Run/T_Player_Medic_Run_Dir_01_Down_Sheet.png,01_Player,1588,465,RGBA,True,True,0,255,881993,7cc773171072b3218a339f13dfda70e4de6cac6f4dc0101ff498b878e5e0dc5c
Content/美术/Art/01_Player/01_Idle_Run/Dir_02_DownLeft/Idle/T_Player_Medic_Idle_Dir_02_DownLeft_01.png,01_Player,430,483,RGBA,True,True,0,255,285479,a4f26fa074cbe541cd0ca9312676f59acab30ec430b08ede84fb730f437d4621
Content/美术/Art/01_Player/01_Idle_Run/Dir_02_DownLeft/Idle/T_Player_Medic_Idle_Dir_02_DownLeft_02.png,01_Player,430,483,RGBA,True,True,0,255,254942,7f194d534928ba9e67ced832bb57366a00a8af33b4669d31b09a5b74fa864b47
Content/美术/Art/01_Player/01_Idle_Run/Dir_02_DownLeft/Idle/T_Player_Medic_Idle_Dir_02_DownLeft_03.png,01_Player,430,483,RGBA,True,True,0,255,261463,1eff0c75e220de9bc7a45c9eb16703d5d06f596bce5ebd9969a00a9ed83666c1
Content/美术/Art/01_Player/01_Idle_Run/Dir_02_DownLeft/Idle/T_Player_Medic_Idle_Dir_02_DownLeft_04.png,01_Player,430,483,RGBA,True,True,0,255,265819,9825c53bd0c97e6b493ac1cb4bf0bce1b05b0dbc3455afa6cda822cb69acdbfc
Content/美术/Art/01_Player/01_Idle_Run/Dir_02_DownLeft/Idle/T_Player_Medic_Idle_Dir_02_DownLeft_Sheet.png,01_Player,1720,483,RGBA,True,True,0,255,1041984,c5d46a571c1dfcf59c029d2994bf44e18f4ac7bc016b92f6dae54ee58189382c
Content/美术/Art/01_Player/01_Idle_Run/Dir_02_DownLeft/Run/T_Player_Medic_Run_Dir_02_DownLeft_01.png,01_Player,443,469,RGBA,True,True,0,255,262603,cbd3e76089c1bbf587e3a6b4ef3249fb1ad0f62fcb9794e4adfae6561fbea04f
Content/美术/Art/01_Player/01_Idle_Run/Dir_02_DownLeft/Run/T_Player_Medic_Run_Dir_02_DownLeft_02.png,01_Player,443,469,RGBA,True,True,0,255,239634,0c469005ef8bec47825e049ffe62a161659d3ced11a67a72f2abd2c3e1734f84
Content/美术/Art/01_Player/01_Idle_Run/Dir_02_DownLeft/Run/T_Player_Medic_Run_Dir_02_DownLeft_03.png,01_Player,443,469,RGBA,True,True,0,255,250277,0ba644535dca8f4d570768279bdeece2a70cec805cb359eb64101caf454225a8
Content/美术/Art/01_Player/01_Idle_Run/Dir_02_DownLeft/Run/T_Player_Medic_Run_Dir_02_DownLeft_04.png,01_Player,443,469,RGBA,True,True,0,255,246124,27b37788e9235ed1b2d2e31a1f70dacdc9f24ed88cce5c55ed4210164bb5921a
Content/美术/Art/01_Player/01_Idle_Run/Dir_02_DownLeft/Run/T_Player_Medic_Run_Dir_02_DownLeft_Sheet.png,01_Player,1772,469,RGBA,True,True,0,255,973938,5c4d22bbe3ed8aecdede14c27b31ff8001e9c8c36865c0f5ecfd64a800526d07
Content/美术/Art/01_Player/01_Idle_Run/Dir_03_Left/Idle/T_Player_Medic_Idle_Dir_03_Left_01.png,01_Player,425,479,RGBA,True,True,0,255,203014,6640dc54c8a708ee03b12d8723e75136e6b33d68f34e540b758136df579521ad
Content/美术/Art/01_Player/01_Idle_Run/Dir_03_Left/Idle/T_Player_Medic_Idle_Dir_03_Left_02.png,01_Player,425,479,RGBA,True,True,0,255,198898,b7dad3ec82bc2a5a0fab8749df459929f1d177fa2f5be626a94cc40d979cf412
Content/美术/Art/01_Player/01_Idle_Run/Dir_03_Left/Idle/T_Player_Medic_Idle_Dir_03_Left_03.png,01_Player,425,479,RGBA,True,True,0,255,204824,0b0e8cf1e9e36d64cf86804102325ec5d22b7eb35b9b1371ae89b79fe9456cb0
Content/美术/Art/01_Player/01_Idle_Run/Dir_03_Left/Idle/T_Player_Medic_Idle_Dir_03_Left_04.png,01_Player,425,479,RGBA,True,True,0,255,202561,3d952412b9bb5037043b5a8075503faefbba1cd0c0207aa6c4b86381e07cdf3b
Content/美术/Art/01_Player/01_Idle_Run/Dir_03_Left/Idle/T_Player_Medic_Idle_Dir_03_Left_Sheet.png,01_Player,1700,479,RGBA,True,True,0,255,785328,9579f4d4cb46b18cc21ea8c47c91778ca03e341cd0296b06638fde37ff8e5b67
Content/美术/Art/01_Player/01_Idle_Run/Dir_03_Left/Run/T_Player_Medic_Run_Dir_03_Left_01.png,01_Player,410,462,RGBA,True,True,0,255,222317,3a0870b6e267d8b7ed492d16b59e62126b1325f1c0e70e9a70ace3a485f590be
Content/美术/Art/01_Player/01_Idle_Run/Dir_03_Left/Run/T_Player_Medic_Run_Dir_03_Left_02.png,01_Player,410,462,RGBA,True,True,0,255,196868,0a40e4e5397f4e6f314eefdcbc78ee706de4886ae32ac7b6ea162af83844136f
Content/美术/Art/01_Player/01_Idle_Run/Dir_03_Left/Run/T_Player_Medic_Run_Dir_03_Left_03.png,01_Player,410,462,RGBA,True,True,0,255,216846,68c72eba653136c034c5679ccd6b4dd48da718b4db4cdb12c6f13325f3668ccd
Content/美术/Art/01_Player/01_Idle_Run/Dir_03_Left/Run/T_Player_Medic_Run_Dir_03_Left_04.png,01_Player,410,462,RGBA,True,True,0,255,208513,254b1ae94adfa40cc41f1fef10bb0ac84e880d7b10a7112f56d9799de4022b68
Content/美术/Art/01_Player/01_Idle_Run/Dir_03_Left/Run/T_Player_Medic_Run_Dir_03_Left_Sheet.png,01_Player,1640,462,RGBA,True,True,0,255,818869,59c006b03674cdaad99676bf5219c47ce1b06a23ea9384332e538c20dc0f1f0e
Content/美术/Art/01_Player/01_Idle_Run/Dir_04_UpLeft/Idle/T_Player_Medic_Idle_Dir_04_UpLeft_01.png,01_Player,402,463,RGBA,True,True,0,255,215556,0eaab211fd1670b7a928dc4f68d5e32f6f1e6a7b0c55c4f7a7555663774ad5dc
Content/美术/Art/01_Player/01_Idle_Run/Dir_04_UpLeft/Idle/T_Player_Medic_Idle_Dir_04_UpLeft_02.png,01_Player,402,463,RGBA,True,True,0,255,218346,396bb5e820261545145112c21035c572be2c3a2797dacbd65c57c489611e0b71
Content/美术/Art/01_Player/01_Idle_Run/Dir_04_UpLeft/Idle/T_Player_Medic_Idle_Dir_04_UpLeft_03.png,01_Player,402,463,RGBA,True,True,0,255,219582,f320002debf9b093924c457c0d2339d6bd37a6a44dd54965b2569d178f6accc7
Content/美术/Art/01_Player/01_Idle_Run/Dir_04_UpLeft/Idle/T_Player_Medic_Idle_Dir_04_UpLeft_04.png,01_Player,402,463,RGBA,True,True,0,255,222947,26bf32250ababbc3341cb8e403c12d3a14557c42a6cfc955646aa1d0bde44ae5
Content/美术/Art/01_Player/01_Idle_Run/Dir_04_UpLeft/Idle/T_Player_Medic_Idle_Dir_04_UpLeft_Sheet.png,01_Player,1608,463,RGBA,True,True,0,255,853699,a0d63c057e606324cb54534a6b695b372debc6b57c48065ccce7cbed06ea07c3
Content/美术/Art/01_Player/01_Idle_Run/Dir_04_UpLeft/Run/T_Player_Medic_Run_Dir_04_UpLeft_01.png,01_Player,381,450,RGBA,True,True,0,255,195923,30f6be3553708be3a1dab5517d93db8fbb7c05f4b7ff388a835043ab158d260c
Content/美术/Art/01_Player/01_Idle_Run/Dir_04_UpLeft/Run/T_Player_Medic_Run_Dir_04_UpLeft_02.png,01_Player,381,450,RGBA,True,True,0,255,188875,07e74c46c241ed6e729223c487b9f5e96109f382e05e06063374d6bc1cff19b0
Content/美术/Art/01_Player/01_Idle_Run/Dir_04_UpLeft/Run/T_Player_Medic_Run_Dir_04_UpLeft_03.png,01_Player,381,450,RGBA,True,True,0,255,193604,8c13b930d4f448c5d026c5b91075fea288a34c11bbfb5e41eca59ef0168764bb
Content/美术/Art/01_Player/01_Idle_Run/Dir_04_UpLeft/Run/T_Player_Medic_Run_Dir_04_UpLeft_04.png,01_Player,381,450,RGBA,True,True,0,255,193966,d7df21e7adcd15204c1a0358a17d57d4c6ad320a75e06b09ea54c49624789eb0
Content/美术/Art/01_Player/01_Idle_Run/Dir_04_UpLeft/Run/T_Player_Medic_Run_Dir_04_UpLeft_Sheet.png,01_Player,1524,450,RGBA,True,True,0,255,752402,cb93d49e229f75ec50d97d8633914086fcf86e54516efe3809043c91ffa838c6
Content/美术/Art/01_Player/01_Idle_Run/Dir_05_Up/Idle/T_Player_Medic_Idle_Dir_05_Up_01.png,01_Player,392,448,RGBA,True,True,0,255,200682,2c8c298cc2bb951db24b4f37ebd94f289d71523d26188c97a3ff289a8aba8359
Content/美术/Art/01_Player/01_Idle_Run/Dir_05_Up/Idle/T_Player_Medic_Idle_Dir_05_Up_02.png,01_Player,392,448,RGBA,True,True,0,255,204686,21e6ea5463ce0b3fe257cc8c518a2cb253a8be081016bca51c774b946101ed27
Content/美术/Art/01_Player/01_Idle_Run/Dir_05_Up/Idle/T_Player_Medic_Idle_Dir_05_Up_03.png,01_Player,392,448,RGBA,True,True,0,255,210440,ebd053e483b7d616e96b25bbcf7fd82d6db4b011c18ff84452c3178cc3416b2f
Content/美术/Art/01_Player/01_Idle_Run/Dir_05_Up/Idle/T_Player_Medic_Idle_Dir_05_Up_04.png,01_Player,392,448,RGBA,True,True,0,255,201042,a7a5e9f9c04cc56bb0e5ddd4047f2951e0696427962b9dfb932c9d220b501469
Content/美术/Art/01_Player/01_Idle_Run/Dir_05_Up/Idle/T_Player_Medic_Idle_Dir_05_Up_Sheet.png,01_Player,1568,448,RGBA,True,True,0,255,792257,1c6a92487b848ea65f93c15b8ed89676f0d24ce52d64aa75c3cccf51a6402703
Content/美术/Art/01_Player/01_Idle_Run/Dir_05_Up/Run/T_Player_Medic_Run_Dir_05_Up_01.png,01_Player,384,450,RGBA,True,True,0,255,188131,26c1406497a372c402e8992a8ad751b572f48a2443006652e1f791e1b28b006f
Content/美术/Art/01_Player/01_Idle_Run/Dir_05_Up/Run/T_Player_Medic_Run_Dir_05_Up_02.png,01_Player,384,450,RGBA,True,True,0,255,178624,bfeb08eade995cb1ca26a7f9f553dc844d4c6168bbe6907cb27f0f52b8a38f05
Content/美术/Art/01_Player/01_Idle_Run/Dir_05_Up/Run/T_Player_Medic_Run_Dir_05_Up_03.png,01_Player,384,450,RGBA,True,True,0,255,189191,759228a752fbfce68ea132c17c6c145e03974b3de2823d939bc18045a22aa106
Content/美术/Art/01_Player/01_Idle_Run/Dir_05_Up/Run/T_Player_Medic_Run_Dir_05_Up_04.png,01_Player,384,450,RGBA,True,True,0,255,178443,e7be7f851783250ebd824d246d05895440ee9e74050e7b9e087f7aebd59f041b
Content/美术/Art/01_Player/01_Idle_Run/Dir_05_Up/Run/T_Player_Medic_Run_Dir_05_Up_Sheet.png,01_Player,1536,450,RGBA,True,True,0,255,714384,157666122ee85afe24760c463a49aefd46e6071c2bf49e85874099c3f027a3f3
Content/美术/Art/01_Player/02_Attack_Hurt/Dir_01_Down/Attack/T_Player_Medic_Attack_Dir_01_Down_01.png,01_Player,432,477,RGBA,True,True,0,255,276424,4992b685928d7825a00d4063c71a1cc80cd18a000dce534d20cdffe008a8b8cd
Content/美术/Art/01_Player/02_Attack_Hurt/Dir_01_Down/Attack/T_Player_Medic_Attack_Dir_01_Down_02.png,01_Player,432,477,RGBA,True,True,0,255,258361,a75b258586c7c42a20e0e2aa44c5d10b110385e0999951cdccc34c12cde8e897
Content/美术/Art/01_Player/02_Attack_Hurt/Dir_01_Down/Attack/T_Player_Medic_Attack_Dir_01_Down_03.png,01_Player,432,477,RGBA,True,True,0,255,252568,ca7117082639b135702c448a85b8440673f2d5c8f07b80b8af40d9e9d115cb90
Content/美术/Art/01_Player/02_Attack_Hurt/Dir_01_Down/Attack/T_Player_Medic_Attack_Dir_01_Down_04.png,01_Player,432,477,RGBA,True,True,0,255,268908,ad2d81f9dc8635156c3e4859cd2680b7e56344f704e1cc94a7955ef758780949
Content/美术/Art/01_Player/02_Attack_Hurt/Dir_01_Down/Attack/T_Player_Medic_Attack_Dir_01_Down_Sheet.png,01_Player,1728,477,RGBA,True,True,0,255,1027652,4f686fbb544af6d383ac6a64b217c537a993b3e6b95401bdfa128cefa22680a0
Content/美术/Art/01_Player/02_Attack_Hurt/Dir_01_Down/Hurt/T_Player_Medic_Hurt_Dir_01_Down_01.png,01_Player,444,474,RGBA,True,True,0,255,298999,1ee96b81419828074ae526468ccaaac1ee0e3596de60dbc594453333f19017aa
Content/美术/Art/01_Player/02_Attack_Hurt/Dir_01_Down/Hurt/T_Player_Medic_Hurt_Dir_01_Down_02.png,01_Player,444,474,RGBA,True,True,0,255,255913,687e875c0fcc8b47dd5ae9ebab4062bebf254bd24a240d5b590d2e4e0471b5dd
Content/美术/Art/01_Player/02_Attack_Hurt/Dir_01_Down/Hurt/T_Player_Medic_Hurt_Dir_01_Down_03.png,01_Player,444,474,RGBA,True,True,0,255,255796,3da973ae2b4f157964c7d70ab258e68b3575e481dc8e5f66aa68284364b4d510
Content/美术/Art/01_Player/02_Attack_Hurt/Dir_01_Down/Hurt/T_Player_Medic_Hurt_Dir_01_Down_04.png,01_Player,444,474,RGBA,True,True,0,255,279644,f643cc7002b7131429b122e323b75a9260163e89fa674b5789a968b4b73122ea
Content/美术/Art/01_Player/02_Attack_Hurt/Dir_01_Down/Hurt/T_Player_Medic_Hurt_Dir_01_Down_Sheet.png,01_Player,1776,474,RGBA,True,True,0,255,1065893,ae81a42efe96472590416006c0fb1beb6a6f4e28ff3aec6aa7f062937b9babe4
Content/美术/Art/01_Player/02_Attack_Hurt/Dir_02_DownLeft/Attack/T_Player_Medic_Attack_Dir_02_DownLeft_01.png,01_Player,443,472,RGBA,True,True,0,255,263703,a030a1ef29f3d6795957621607d435d0d14a5232ccd1ebc4df63b50c0ef577d3
Content/美术/Art/01_Player/02_Attack_Hurt/Dir_02_DownLeft/Attack/T_Player_Medic_Attack_Dir_02_DownLeft_02.png,01_Player,443,472,RGBA,True,True,0,255,277308,672d538a1df1a776d22c70c9430f2d28d5c0244b94e1e6c200ce37ed20b679a1
Content/美术/Art/01_Player/02_Attack_Hurt/Dir_02_DownLeft/Attack/T_Player_Medic_Attack_Dir_02_DownLeft_03.png,01_Player,443,472,RGBA,True,True,0,255,253843,78541e7830a68edd654ccf4b337a1b796cb80ebf6eec97fb444a0716942e8be8
Content/美术/Art/01_Player/02_Attack_Hurt/Dir_02_DownLeft/Attack/T_Player_Medic_Attack_Dir_02_DownLeft_04.png,01_Player,443,472,RGBA,True,True,0,255,247024,382b6511831e1d60d54fca1cc1a53a9e1684e619b29b29c232842757840dbb72
Content/美术/Art/01_Player/02_Attack_Hurt/Dir_02_DownLeft/Attack/T_Player_Medic_Attack_Dir_02_DownLeft_Sheet.png,01_Player,1772,472,RGBA,True,True,0,255,1004963,90e0023a38eaebd115e41ddd38ff33e3bce038d3e94777ef7532b964d8c71ceb
Content/美术/Art/01_Player/02_Attack_Hurt/Dir_02_DownLeft/Hurt/T_Player_Medic_Hurt_Dir_02_DownLeft_01.png,01_Player,422,469,RGBA,True,True,0,255,278778,f96397e0a7bd5d8c1752e295e8bb9b01033c7dcc1e344c727b69a2a6d0de663d
Content/美术/Art/01_Player/02_Attack_Hurt/Dir_02_DownLeft/Hurt/T_Player_Medic_Hurt_Dir_02_DownLeft_02.png,01_Player,422,469,RGBA,True,True,0,255,246397,081868f92dea46cc62ff9342df7441b7aefdd0c7555af4cb2ec4c4c2b9b5da92
Content/美术/Art/01_Player/02_Attack_Hurt/Dir_02_DownLeft/Hurt/T_Player_Medic_Hurt_Dir_02_DownLeft_03.png,01_Player,422,469,RGBA,True,True,0,255,253232,5047090bcbaf06e61e82979fea349edef2ca46e8eaec2895c86b68235e467444
Content/美术/Art/01_Player/02_Attack_Hurt/Dir_02_DownLeft/Hurt/T_Player_Medic_Hurt_Dir_02_DownLeft_04.png,01_Player,422,469,RGBA,True,True,0,255,260475,eb1d6bcd22bf4ae92644f6afc182362e62bd06921e3ea2afe2ac7aa95e892168
Content/美术/Art/01_Player/02_Attack_Hurt/Dir_02_DownLeft/Hurt/T_Player_Medic_Hurt_Dir_02_DownLeft_Sheet.png,01_Player,1688,469,RGBA,True,True,0,255,1008391,28246255456f3a7f1312b5cd034b290f851c1efb0c97a52cef842ceecade2621
Content/美术/Art/01_Player/02_Attack_Hurt/Dir_03_Right/Attack/T_Player_Medic_Attack_Dir_03_Right_01.png,01_Player,511,449,RGBA,True,True,0,255,222686,70497b80593a3b2c23428a3b5f403c57abddbda1549df5519b4cb2eb82772025
Content/美术/Art/01_Player/02_Attack_Hurt/Dir_03_Right/Attack/T_Player_Medic_Attack_Dir_03_Right_02.png,01_Player,511,449,RGBA,True,True,0,255,244039,fe126818decea32563b3cd6eea0d41908efd5b16d3adee0f37d02d8719d206ab
Content/美术/Art/01_Player/02_Attack_Hurt/Dir_03_Right/Attack/T_Player_Medic_Attack_Dir_03_Right_03.png,01_Player,511,449,RGBA,True,True,0,255,218194,a35f0f1bb708e1b3b584faa25bb09c54f77aca271dd9b35170a409d035fb9098
Content/美术/Art/01_Player/02_Attack_Hurt/Dir_03_Right/Attack/T_Player_Medic_Attack_Dir_03_Right_04.png,01_Player,511,449,RGBA,True,True,0,255,214888,7d9c07286842ef2f924d0bfc0285065df89d13d2baf065e3446632dcf5d3cde7
Content/美术/Art/01_Player/02_Attack_Hurt/Dir_03_Right/Attack/T_Player_Medic_Attack_Dir_03_Right_Sheet.png,01_Player,2044,449,RGBA,True,True,0,255,872772,4682027be5ea9bbaca2f4343a45f8cc6c1ee24bf558e45de1c05e6f3f1f40365
Content/美术/Art/01_Player/02_Attack_Hurt/Dir_03_Right/Hurt/T_Player_Medic_Hurt_Dir_03_Right_01.png,01_Player,418,479,RGBA,True,True,0,255,252072,76a93c942a262771a1b3e5515f7839d22c0e16c69b7a2003d4433c4e22f9877d
Content/美术/Art/01_Player/02_Attack_Hurt/Dir_03_Right/Hurt/T_Player_Medic_Hurt_Dir_03_Right_02.png,01_Player,418,479,RGBA,True,True,0,255,209948,e39915436bd7e69b942da47f0710822fbda59cba62408028e81ac6dd70677821
Content/美术/Art/01_Player/02_Attack_Hurt/Dir_03_Right/Hurt/T_Player_Medic_Hurt_Dir_03_Right_03.png,01_Player,418,479,RGBA,True,True,0,255,224466,92fd3d27a129f64537921ef7067e10ea53b784933bc3a136af8e6caa4761681a
Content/美术/Art/01_Player/02_Attack_Hurt/Dir_03_Right/Hurt/T_Player_Medic_Hurt_Dir_03_Right_04.png,01_Player,418,479,RGBA,True,True,0,255,237971,ab8404583ae90cd76a7546597ecd11a0afd08f3156a831f3b343098a58400e95
Content/美术/Art/01_Player/02_Attack_Hurt/Dir_03_Right/Hurt/T_Player_Medic_Hurt_Dir_03_Right_Sheet.png,01_Player,1672,479,RGBA,True,True,0,255,899231,e61e33a8eafc763def494229ada6be13c22773055fcd9398cbdacb562d167484
Content/美术/Art/01_Player/02_Attack_Hurt/Dir_04_UpLeft/Attack/T_Player_Medic_Attack_Dir_04_UpLeft_01.png,01_Player,480,458,RGBA,True,True,0,255,230286,cb23f38e3438f72e0b7dcb6881799051dff7a0644115b470caabd61f92f66a1f
Content/美术/Art/01_Player/02_Attack_Hurt/Dir_04_UpLeft/Attack/T_Player_Medic_Attack_Dir_04_UpLeft_02.png,01_Player,480,458,RGBA,True,True,0,255,231153,3c47b49937642cd577a887d7308db1bc4cc386cfb3e1d08cfc4b98eb00230f96
Content/美术/Art/01_Player/02_Attack_Hurt/Dir_04_UpLeft/Attack/T_Player_Medic_Attack_Dir_04_UpLeft_03.png,01_Player,480,458,RGBA,True,True,0,255,221597,87bda1f8f2ede4774a5e1ba3e63c7a3348c280985c26e29262e7fcbe28b037ae
Content/美术/Art/01_Player/02_Attack_Hurt/Dir_04_UpLeft/Attack/T_Player_Medic_Attack_Dir_04_UpLeft_04.png,01_Player,480,458,RGBA,True,True,0,255,216021,a77d63c74850223f330dd2a8889fdc69fe0a5b3118281acf9ce047407eb3a334
Content/美术/Art/01_Player/02_Attack_Hurt/Dir_04_UpLeft/Attack/T_Player_Medic_Attack_Dir_04_UpLeft_Sheet.png,01_Player,1920,458,RGBA,True,True,0,255,866713,eb4de7405a79d52d70b5dfbeb8d759727fca40b1f40c7d95d840d518e2d1f696
Content/美术/Art/01_Player/02_Attack_Hurt/Dir_04_UpLeft/Hurt/T_Player_Medic_Hurt_Dir_04_UpLeft_01.png,01_Player,415,473,RGBA,True,True,0,255,252447,a991414403a5ef1aca72681f93bc31ab701c360f2deaad348abbdb4a7e1e9c3b
Content/美术/Art/01_Player/02_Attack_Hurt/Dir_04_UpLeft/Hurt/T_Player_Medic_Hurt_Dir_04_UpLeft_02.png,01_Player,415,473,RGBA,True,True,0,255,203044,3ba6df89b4de5ace8a9d63a97bec478abc50a70a2be3d4d0fa08283477af4e09
Content/美术/Art/01_Player/02_Attack_Hurt/Dir_04_UpLeft/Hurt/T_Player_Medic_Hurt_Dir_04_UpLeft_03.png,01_Player,415,473,RGBA,True,True,0,255,228305,51e26ea12b7f97c0a7065ce82a225fe8edc0bc9d98df5ed14f7ec1b834820199
Content/美术/Art/01_Player/02_Attack_Hurt/Dir_04_UpLeft/Hurt/T_Player_Medic_Hurt_Dir_04_UpLeft_04.png,01_Player,415,473,RGBA,True,True,0,255,230836,289c92935b242063cb92ca4ba34d909ed067cc9eb4d320bc1546363f58c2f426
Content/美术/Art/01_Player/02_Attack_Hurt/Dir_04_UpLeft/Hurt/T_Player_Medic_Hurt_Dir_04_UpLeft_Sheet.png,01_Player,1660,473,RGBA,True,True,0,255,886957,ce08ad9d2736b9387b7ee4940a2f01f05d8adbfd9e4a9f8a55b6d05aa4d18f1f
Content/美术/Art/01_Player/02_Attack_Hurt/Dir_05_Up/Attack/T_Player_Medic_Attack_Dir_05_Up_01.png,01_Player,485,444,RGBA,True,True,0,255,216073,653530797376376bb5bb195cebca15e38cbe7cf65371a59338613672407a48a6
Content/美术/Art/01_Player/02_Attack_Hurt/Dir_05_Up/Attack/T_Player_Medic_Attack_Dir_05_Up_02.png,01_Player,485,444,RGBA,True,True,0,255,209721,97ff43d59798689cbb0d68f5f920e9f9ddf1ceb2a2e239940662bebfea4f3845
Content/美术/Art/01_Player/02_Attack_Hurt/Dir_05_Up/Attack/T_Player_Medic_Attack_Dir_05_Up_03.png,01_Player,485,444,RGBA,True,True,0,255,214630,96b8e4293a9497ba23bcb2486543944941f1edf25816a9c4e08b294ee7ee0bf6
Content/美术/Art/01_Player/02_Attack_Hurt/Dir_05_Up/Attack/T_Player_Medic_Attack_Dir_05_Up_04.png,01_Player,485,444,RGBA,True,True,0,255,201277,d6fbfc9f074b60b57d7cf4984c721f9c0fbd45faaaedbe20e5e0315c80e17f88
Content/美术/Art/01_Player/02_Attack_Hurt/Dir_05_Up/Attack/T_Player_Medic_Attack_Dir_05_Up_Sheet.png,01_Player,1940,444,RGBA,True,True,0,255,810041,2c3d1810b5840cc2f3927b01d239d9ba51224d4437b2e77ae8a11581fdd4294a
Content/美术/Art/01_Player/02_Attack_Hurt/Dir_05_Up/Hurt/T_Player_Medic_Hurt_Dir_05_Up_01.png,01_Player,413,445,RGBA,True,True,0,255,217451,49fbe93f3b5d5d1eb3468bc49bd220a09ba09769dd14bdf5665d82da9dcbac98
Content/美术/Art/01_Player/02_Attack_Hurt/Dir_05_Up/Hurt/T_Player_Medic_Hurt_Dir_05_Up_02.png,01_Player,413,445,RGBA,True,True,0,255,187418,c255bd07e7971554b24956723a8d2f39450644f09379604e934c613e12491f1e
Content/美术/Art/01_Player/02_Attack_Hurt/Dir_05_Up/Hurt/T_Player_Medic_Hurt_Dir_05_Up_03.png,01_Player,413,445,RGBA,True,True,0,255,212743,e0931d1258dbc0e4ad68ee90c4bcfdf770bf71283d1cd6683f285a9525383f54
Content/美术/Art/01_Player/02_Attack_Hurt/Dir_05_Up/Hurt/T_Player_Medic_Hurt_Dir_05_Up_04.png,01_Player,413,445,RGBA,True,True,0,255,206461,db55de5a561548229a19135f7337163b827e05b4e38de6451edb1186574b5f46
Content/美术/Art/01_Player/02_Attack_Hurt/Dir_05_Up/Hurt/T_Player_Medic_Hurt_Dir_05_Up_Sheet.png,01_Player,1652,445,RGBA,True,True,0,255,802153,2685381475b3b6a493082f25bd542371bf0b3e90e799da7a4482e2b83d2c7cfd
Content/美术/Art/01_Player/03_Death_Revive/Death_Collapse/T_Player_Medic_Death_01.png,01_Player,470,476,RGBA,True,True,0,255,258503,7dfa6402542eb649add65dada63cccd2bbff85ee0abbc7aeaca64eee4ca9d9f9
Content/美术/Art/01_Player/03_Death_Revive/Death_Collapse/T_Player_Medic_Death_02.png,01_Player,470,476,RGBA,True,True,0,255,246195,9a8f1cbf9fe97af2563f146cce910aab2827747c41a37ac055e383e7a9c5b41c
Content/美术/Art/01_Player/03_Death_Revive/Death_Collapse/T_Player_Medic_Death_03.png,01_Player,470,476,RGBA,True,True,0,255,182463,f4185819ad8bb0425268b6e45d07ea96b35a2ef3e7f23f7ab6bf45a8bfe99f30
Content/美术/Art/01_Player/03_Death_Revive/Death_Collapse/T_Player_Medic_Death_04.png,01_Player,470,476,RGBA,True,True,0,255,95843,fdfb31b1ee7e9999d0878a59c9acf389ae16bcfb1d9345e5bb0f747fe06eb47e
Content/美术/Art/01_Player/03_Death_Revive/Death_Collapse/T_Player_Medic_Death_Sheet.png,01_Player,1880,476,RGBA,True,True,0,255,768285,11e16125e64134decf8062cdd4d197dad0d8b36f1a0cd0e08477e53968711314
Content/美术/Art/01_Player/03_Death_Revive/Revive/T_Player_Medic_Revive_01.png,01_Player,412,440,RGBA,True,True,0,255,161745,9016f3b9c61e47ca1e7ee9537ba9ef487e4a88dd42282cad313c1f21663d747b
Content/美术/Art/01_Player/03_Death_Revive/Revive/T_Player_Medic_Revive_02.png,01_Player,412,440,RGBA,True,True,0,255,212082,438acdcd6287bbedcf0b199460c88d19cfec92f19db0658e525e21fa5293e43c
Content/美术/Art/01_Player/03_Death_Revive/Revive/T_Player_Medic_Revive_03.png,01_Player,412,440,RGBA,True,True,0,255,221354,a972fb29b26df3ccf8723b6905d45f960dfbc54b6974fe6839af2d6d78c6c26c
Content/美术/Art/01_Player/03_Death_Revive/Revive/T_Player_Medic_Revive_04.png,01_Player,412,440,RGBA,True,True,0,255,225849,dc2967c593974192b957e7c13f8350c9e298e2f55c2051fe28f321347b025724
Content/美术/Art/01_Player/03_Death_Revive/Revive/T_Player_Medic_Revive_Sheet.png,01_Player,1648,440,RGBA,True,True,0,255,800449,f91a199fa3ca4b9d8f0f56361918439ae855ae4b8b17d3f59bc11675e402d596
Content/美术/Art/02_Enemies/Boss_Overlord/Actions/Death_Collapse/Dir_01_Down/T_Boss_Death_Dir_01_Down_01.png,02_Enemies,325,339,RGBA,True,True,0,255,140055,27a45fe1a345d048cd06581d55de3da76c241be69f0011801bd5b928a3885d85
Content/美术/Art/02_Enemies/Boss_Overlord/Actions/Death_Collapse/Dir_01_Down/T_Boss_Death_Dir_01_Down_02.png,02_Enemies,325,339,RGBA,True,True,0,255,124500,687a6abfe628a970005ba22c2e17fae378bfaa4e3cea7529b8536a9b86837e1d
Content/美术/Art/02_Enemies/Boss_Overlord/Actions/Death_Collapse/Dir_01_Down/T_Boss_Death_Dir_01_Down_03.png,02_Enemies,325,339,RGBA,True,True,0,255,91126,6aa355985491fbce3e1bee0a39cd091e7672d43efab41e1bf1c39480c92db69c
Content/美术/Art/02_Enemies/Boss_Overlord/Actions/Death_Collapse/Dir_01_Down/T_Boss_Death_Dir_01_Down_04.png,02_Enemies,325,339,RGBA,True,True,0,255,93905,26f4f23bcf8deff4b325aba7e98cfed16fc9d086aa46dde1a995d5e2c3daccf2
Content/美术/Art/02_Enemies/Boss_Overlord/Actions/Death_Collapse/Dir_01_Down/T_Boss_Death_Dir_01_Down_Sheet.png,02_Enemies,1300,339,RGBA,True,True,0,255,442173,5d8a32a9fd5feea97ddc867919c4dbfefd9a18824604cb85557d4be3eded8e21
Content/美术/Art/02_Enemies/Boss_Overlord/Actions/Death_Collapse/Dir_02_Right/T_Boss_Death_Dir_02_Right_01.png,02_Enemies,335,306,RGBA,True,True,0,255,111162,839d3d597fecae12c8c9813a7bf7089a70719b721d936cb23c57ded3614d0d8b
Content/美术/Art/02_Enemies/Boss_Overlord/Actions/Death_Collapse/Dir_02_Right/T_Boss_Death_Dir_02_Right_02.png,02_Enemies,335,306,RGBA,True,True,0,255,104851,e406114392852f75dc2a667e5f34e02a056314faeaf2326d4268ab543f357b3d
Content/美术/Art/02_Enemies/Boss_Overlord/Actions/Death_Collapse/Dir_02_Right/T_Boss_Death_Dir_02_Right_03.png,02_Enemies,335,306,RGBA,True,True,0,255,84967,fa30862117c5c9d8338fbd1c4f32b5b273571b4453a1f02d65f348c954f4c574
Content/美术/Art/02_Enemies/Boss_Overlord/Actions/Death_Collapse/Dir_02_Right/T_Boss_Death_Dir_02_Right_04.png,02_Enemies,335,306,RGBA,True,True,0,255,82921,197182452a76aa52ed0e7878ad2248865b633db8fa265e0b1614d2ab9f2a17ca
Content/美术/Art/02_Enemies/Boss_Overlord/Actions/Death_Collapse/Dir_02_Right/T_Boss_Death_Dir_02_Right_Sheet.png,02_Enemies,1340,306,RGBA,True,True,0,255,376782,d0f49eb3a82b8ecaa0c31395fb160062f3b647f365a35444f185cadc35f5cecd
Content/美术/Art/02_Enemies/Boss_Overlord/Actions/Death_Collapse/Dir_03_Up/T_Boss_Death_Dir_03_Up_01.png,02_Enemies,331,303,RGBA,True,True,0,255,114211,0a56f2453b8b8ba310c204b72db80d7ba183485d3de4b003af44097110d4344d
Content/美术/Art/02_Enemies/Boss_Overlord/Actions/Death_Collapse/Dir_03_Up/T_Boss_Death_Dir_03_Up_02.png,02_Enemies,331,303,RGBA,True,True,0,255,110006,e2274bc4b3eb30419425463235c29c734df9e43b30007bf3f3b665ee80e6fce9
Content/美术/Art/02_Enemies/Boss_Overlord/Actions/Death_Collapse/Dir_03_Up/T_Boss_Death_Dir_03_Up_03.png,02_Enemies,331,303,RGBA,True,True,0,255,78134,413c1e91e3a57a2031ff77b9a63427e28ae3c9c37ed852546123f5f9e316b44c
Content/美术/Art/02_Enemies/Boss_Overlord/Actions/Death_Collapse/Dir_03_Up/T_Boss_Death_Dir_03_Up_04.png,02_Enemies,331,303,RGBA,True,True,0,255,87384,81e20e1f9387e5c10004acbad8824f12f9e9b159c3c03208ed3324183ffe4482
Content/美术/Art/02_Enemies/Boss_Overlord/Actions/Death_Collapse/Dir_03_Up/T_Boss_Death_Dir_03_Up_Sheet.png,02_Enemies,1324,303,RGBA,True,True,0,255,381474,308cbd6f4a474ab52fc72c7a6928dad6e6ee88a24a143e21492990715cea453c
Content/美术/Art/02_Enemies/Boss_Overlord/Actions/Death_Collapse/Dir_04_Left/T_Boss_Death_Dir_04_Left_01.png,02_Enemies,323,287,RGBA,True,True,0,255,114950,18c7ae3c372c6424bc025dcb1e8ae9c4269bb8926b8a6ecb4f6b60b1fdd189b0
Content/美术/Art/02_Enemies/Boss_Overlord/Actions/Death_Collapse/Dir_04_Left/T_Boss_Death_Dir_04_Left_02.png,02_Enemies,323,287,RGBA,True,True,0,255,108352,cef98e61342bc2774385652b5244f0681fc5be5f1be3dcd56a3dbfab6b0b7884
Content/美术/Art/02_Enemies/Boss_Overlord/Actions/Death_Collapse/Dir_04_Left/T_Boss_Death_Dir_04_Left_03.png,02_Enemies,323,287,RGBA,True,True,0,255,77563,68f2fa0cf6bc9a0d8ad9b8c8e839f13a3ea538c25caa585c39cbf7032d5e6579
Content/美术/Art/02_Enemies/Boss_Overlord/Actions/Death_Collapse/Dir_04_Left/T_Boss_Death_Dir_04_Left_04.png,02_Enemies,323,287,RGBA,True,True,0,255,76566,c9bf4cde50077b0172645975fda552c817c51e2f13ab06708a0bb1fc6f239d1f
Content/美术/Art/02_Enemies/Boss_Overlord/Actions/Death_Collapse/Dir_04_Left/T_Boss_Death_Dir_04_Left_Sheet.png,02_Enemies,1292,287,RGBA,True,True,0,255,370849,2d312d9ebbe715e095ede9f2405a6fa09a62ccddd81e26fabf30b35be6cc8767
Content/美术/Art/02_Enemies/Boss_Overlord/Actions/Enrage_Roar/Dir_01_Down/T_Boss_Enrage_Dir_01_Down_01.png,02_Enemies,349,372,RGBA,True,True,0,255,150323,eecc76b76b3001e0274eb3cbe86fef8181c0a3a75fc6d9d6e4dabb669ce80955
Content/美术/Art/02_Enemies/Boss_Overlord/Actions/Enrage_Roar/Dir_01_Down/T_Boss_Enrage_Dir_01_Down_02.png,02_Enemies,349,372,RGBA,True,True,0,255,164302,a3bdeda9b368d4d27505f68d461690d07ddb8cef8f902a35e72a5576f4b95164
Content/美术/Art/02_Enemies/Boss_Overlord/Actions/Enrage_Roar/Dir_01_Down/T_Boss_Enrage_Dir_01_Down_03.png,02_Enemies,349,372,RGBA,True,True,0,255,219951,e05edb69178126d77c3b770c3d84b30592566b169bf7e3dff7ebc66b29e4f67e
Content/美术/Art/02_Enemies/Boss_Overlord/Actions/Enrage_Roar/Dir_01_Down/T_Boss_Enrage_Dir_01_Down_04.png,02_Enemies,349,372,RGBA,True,True,0,255,149568,70af7f29ab06d9b25298e7ba0bd812f1deda89ae044807ff161299d02b6c1335
Content/美术/Art/02_Enemies/Boss_Overlord/Actions/Enrage_Roar/Dir_01_Down/T_Boss_Enrage_Dir_01_Down_Sheet.png,02_Enemies,1396,372,RGBA,True,True,0,255,656380,97504cb82cb6b62d987e7498776a258f3de0e156a3f41dcb6a4df46e128ffd8a
Content/美术/Art/02_Enemies/Boss_Overlord/Actions/Enrage_Roar/Dir_02_Right/T_Boss_Enrage_Dir_02_Right_01.png,02_Enemies,346,315,RGBA,True,True,0,255,121024,52af0d40deda0210605d6b177d458aa2d89fd39cc06ed193236a78e5d2a2954a
Content/美术/Art/02_Enemies/Boss_Overlord/Actions/Enrage_Roar/Dir_02_Right/T_Boss_Enrage_Dir_02_Right_02.png,02_Enemies,346,315,RGBA,True,True,0,255,138352,2bf49d2548fa18f23c086e05772d4d2edb9b7a3c1cd86530d39331fa357f0229
Content/美术/Art/02_Enemies/Boss_Overlord/Actions/Enrage_Roar/Dir_02_Right/T_Boss_Enrage_Dir_02_Right_03.png,02_Enemies,346,315,RGBA,True,True,0,255,176633,0c2019014354fdce6713a50b35fdec923750375040f3a19aa6d7a0213aa229c8
Content/美术/Art/02_Enemies/Boss_Overlord/Actions/Enrage_Roar/Dir_02_Right/T_Boss_Enrage_Dir_02_Right_04.png,02_Enemies,346,315,RGBA,True,True,0,255,116434,41b80acb58975e3d15158ec6b1fb3112365cb1617ea2a7bb528955ac84a0f3b6
Content/美术/Art/02_Enemies/Boss_Overlord/Actions/Enrage_Roar/Dir_02_Right/T_Boss_Enrage_Dir_02_Right_Sheet.png,02_Enemies,1384,315,RGBA,True,True,0,255,532713,6a1e0493334941028566d4aa84ccdcae6363ef9db0dc82e9f95fa5fb76721f75
Content/美术/Art/02_Enemies/Boss_Overlord/Actions/Enrage_Roar/Dir_03_Up/T_Boss_Enrage_Dir_03_Up_01.png,02_Enemies,364,322,RGBA,True,True,0,255,123777,62db917e611d85224cb1e2e7380d7609c1954882a7d825901f0cc8aef9203b3f
Content/美术/Art/02_Enemies/Boss_Overlord/Actions/Enrage_Roar/Dir_03_Up/T_Boss_Enrage_Dir_03_Up_02.png,02_Enemies,364,322,RGBA,True,True,0,255,155304,1928cfef3724437aa3481c7a494c08ca22f3f54b3973ad1240c12f06a7da6e87
Content/美术/Art/02_Enemies/Boss_Overlord/Actions/Enrage_Roar/Dir_03_Up/T_Boss_Enrage_Dir_03_Up_03.png,02_Enemies,364,322,RGBA,True,True,0,255,199723,7f3727974fbf3a8643a86f2c805e71f3b85984da07df7fbbfc7cd503fc6d0c57
Content/美术/Art/02_Enemies/Boss_Overlord/Actions/Enrage_Roar/Dir_03_Up/T_Boss_Enrage_Dir_03_Up_04.png,02_Enemies,364,322,RGBA,True,True,0,255,128432,54120448b6cb3b313d232f1dc9a1957c9f5fe82c63a91b74a932736342bc9bd6
Content/美术/Art/02_Enemies/Boss_Overlord/Actions/Enrage_Roar/Dir_03_Up/T_Boss_Enrage_Dir_03_Up_Sheet.png,02_Enemies,1456,322,RGBA,True,True,0,255,581959,d9c6705d498ef9e93225c79c57368fb2b7fecad03b827b3f66b5d1dd406c24b9
Content/美术/Art/02_Enemies/Boss_Overlord/Actions/Enrage_Roar/Dir_04_Left/T_Boss_Enrage_Dir_04_Left_01.png,02_Enemies,357,319,RGBA,True,True,0,255,115939,bca9e1ba3bd39651300dd9341c9bdd07fe5763b0d9675bce445b2828c4998c7a
Content/美术/Art/02_Enemies/Boss_Overlord/Actions/Enrage_Roar/Dir_04_Left/T_Boss_Enrage_Dir_04_Left_02.png,02_Enemies,357,319,RGBA,True,True,0,255,129295,e6e3ecc102311a606d85f64893aed8803f60dfd746b3d5a882e1e052735f4679
Content/美术/Art/02_Enemies/Boss_Overlord/Actions/Enrage_Roar/Dir_04_Left/T_Boss_Enrage_Dir_04_Left_03.png,02_Enemies,357,319,RGBA,True,True,0,255,186941,5cb65d30f58cb21deda2fff08cc21692089846830050181a817b5b42ee795355
Content/美术/Art/02_Enemies/Boss_Overlord/Actions/Enrage_Roar/Dir_04_Left/T_Boss_Enrage_Dir_04_Left_04.png,02_Enemies,357,319,RGBA,True,True,0,255,121800,aac547d01e3585166072fdad6037a992066c8a502914a9942acbbf6c964a42c2
Content/美术/Art/02_Enemies/Boss_Overlord/Actions/Enrage_Roar/Dir_04_Left/T_Boss_Enrage_Dir_04_Left_Sheet.png,02_Enemies,1428,319,RGBA,True,True,0,255,532736,b3f727517013a1b05c894c3d9a2de7dcddc66c1651d25c5b7145914de2a19e64
Content/美术/Art/02_Enemies/Boss_Overlord/Actions/Ground_Slam/Dir_01_Down/T_Boss_Slam_Dir_01_Down_01.png,02_Enemies,320,342,RGBA,True,True,0,255,158221,21499ce44e94eaf6d1fe597effe2c74faf01d5b5f7884e8103fd45c74013857e
Content/美术/Art/02_Enemies/Boss_Overlord/Actions/Ground_Slam/Dir_01_Down/T_Boss_Slam_Dir_01_Down_02.png,02_Enemies,320,342,RGBA,True,True,0,255,154677,0f02409758e9c838b19117dc3c6049a02972c27e1653d8341bba2c79d5e6c282
Content/美术/Art/02_Enemies/Boss_Overlord/Actions/Ground_Slam/Dir_01_Down/T_Boss_Slam_Dir_01_Down_03.png,02_Enemies,320,342,RGBA,True,True,0,255,144062,3796f595a1ec456a4fb0317aafa063547f97bd47e939744067788f5d7d75ed18
Content/美术/Art/02_Enemies/Boss_Overlord/Actions/Ground_Slam/Dir_01_Down/T_Boss_Slam_Dir_01_Down_04.png,02_Enemies,320,342,RGBA,True,True,0,255,155495,3e90645f1ab347e9727aaa0690f53c74f0647e4a5860b6b25a9ce292f4fe624a
Content/美术/Art/02_Enemies/Boss_Overlord/Actions/Ground_Slam/Dir_01_Down/T_Boss_Slam_Dir_01_Down_Sheet.png,02_Enemies,1280,342,RGBA,True,True,0,255,594274,97334ffc3c415f501e936417c5687e0775752d24e6a1a769a7c6b9f6d5f4ad5e
Content/美术/Art/02_Enemies/Boss_Overlord/Actions/Ground_Slam/Dir_02_Right/T_Boss_Slam_Dir_02_Right_01.png,02_Enemies,307,318,RGBA,True,True,0,255,141704,b26cec89f90862da087dcc81051d0f8dc57b849745f3757be17546ff63c6490c
Content/美术/Art/02_Enemies/Boss_Overlord/Actions/Ground_Slam/Dir_02_Right/T_Boss_Slam_Dir_02_Right_02.png,02_Enemies,307,318,RGBA,True,True,0,255,130674,a75ed46507cb5bb21238c4335c0fdd07f892c47823cb917a15d023c5637c88cd
Content/美术/Art/02_Enemies/Boss_Overlord/Actions/Ground_Slam/Dir_02_Right/T_Boss_Slam_Dir_02_Right_03.png,02_Enemies,307,318,RGBA,True,True,0,255,118040,6225fa35c65568f41194745127290806ff58d7681de3dd0f6d74a93e609d876f
Content/美术/Art/02_Enemies/Boss_Overlord/Actions/Ground_Slam/Dir_02_Right/T_Boss_Slam_Dir_02_Right_04.png,02_Enemies,307,318,RGBA,True,True,0,255,137480,b65d61778d8f2a8984a8beb30b04726c65c211ac6b5a39442b2329dead2e99db
Content/美术/Art/02_Enemies/Boss_Overlord/Actions/Ground_Slam/Dir_02_Right/T_Boss_Slam_Dir_02_Right_Sheet.png,02_Enemies,1228,318,RGBA,True,True,0,255,512691,843123cd12a4c5db30e05a87463d23ece12a0df4fca068e23439a7610c0a2734
Content/美术/Art/02_Enemies/Boss_Overlord/Actions/Ground_Slam/Dir_03_Up/T_Boss_Slam_Dir_03_Up_01.png,02_Enemies,307,330,RGBA,True,True,0,255,136794,6302b2b64348486b7ce01444feae2827e6f397af0b94acf66c276a5b2502212e
Content/美术/Art/02_Enemies/Boss_Overlord/Actions/Ground_Slam/Dir_03_Up/T_Boss_Slam_Dir_03_Up_02.png,02_Enemies,307,330,RGBA,True,True,0,255,131097,d44fcf7c2fdc9924c9c905256a8aec6c26dd10c06e22c9fae9dda8183a0ec8bb
Content/美术/Art/02_Enemies/Boss_Overlord/Actions/Ground_Slam/Dir_03_Up/T_Boss_Slam_Dir_03_Up_03.png,02_Enemies,307,330,RGBA,True,True,0,255,140960,ba026000e3d5fbd4796aef3123daa371c389f53f50a38c18711a0a2a8a26f4b4
Content/美术/Art/02_Enemies/Boss_Overlord/Actions/Ground_Slam/Dir_03_Up/T_Boss_Slam_Dir_03_Up_04.png,02_Enemies,307,330,RGBA,True,True,0,255,139531,c2aa0631238830502c5b216773f2790014d1e3a56acab9e61785c2e29a24fc74
Content/美术/Art/02_Enemies/Boss_Overlord/Actions/Ground_Slam/Dir_03_Up/T_Boss_Slam_Dir_03_Up_Sheet.png,02_Enemies,1228,330,RGBA,True,True,0,255,531369,3a0687e3219995a099d375d124a73c19fd9d139303b98724b4c4102bddadd210
Content/美术/Art/02_Enemies/Boss_Overlord/Actions/Ground_Slam/Dir_04_Left/T_Boss_Slam_Dir_04_Left_01.png,02_Enemies,307,311,RGBA,True,True,0,255,129481,9fc5421582ba39e66a307002b47a2bd6278ee576b9ecfacb0ff3dbcff550cdd3
Content/美术/Art/02_Enemies/Boss_Overlord/Actions/Ground_Slam/Dir_04_Left/T_Boss_Slam_Dir_04_Left_02.png,02_Enemies,307,311,RGBA,True,True,0,255,134356,07579917dae0aa4b737f18d97f23cdb8327be726dd88c68b3651131cbcbcca59
Content/美术/Art/02_Enemies/Boss_Overlord/Actions/Ground_Slam/Dir_04_Left/T_Boss_Slam_Dir_04_Left_03.png,02_Enemies,307,311,RGBA,True,True,0,255,128104,a3c80ec204d1b12284cc2d81ecc4f56bef701afee33c87705f2fae5faf8b7dd0
Content/美术/Art/02_Enemies/Boss_Overlord/Actions/Ground_Slam/Dir_04_Left/T_Boss_Slam_Dir_04_Left_04.png,02_Enemies,307,311,RGBA,True,True,0,255,132063,4089df89ac49ea6bb23bc139797bcf640e18094bda9544780c680ccd84f752d8
Content/美术/Art/02_Enemies/Boss_Overlord/Actions/Ground_Slam/Dir_04_Left/T_Boss_Slam_Dir_04_Left_Sheet.png,02_Enemies,1228,311,RGBA,True,True,0,255,509041,e7a06708349ba783683386d3e590bb2e95cc0a0cca55ff7def2213f541689eac
Content/美术/Art/02_Enemies/Boss_Overlord/Actions/Heavy_Cleave/Dir_01_Down/T_Boss_Cleave_Dir_01_Down_01.png,02_Enemies,339,297,RGBA,True,True,0,255,138113,1c06745801d381a3062af46ef854a52f5eb6115ddd4df781441ccff14f023b0d
Content/美术/Art/02_Enemies/Boss_Overlord/Actions/Heavy_Cleave/Dir_01_Down/T_Boss_Cleave_Dir_01_Down_02.png,02_Enemies,339,297,RGBA,True,True,0,255,161410,a8f4560530573a030ba8173719ee0feaa16144c1fb29ae3d8b28a3c9e06621d1
Content/美术/Art/02_Enemies/Boss_Overlord/Actions/Heavy_Cleave/Dir_01_Down/T_Boss_Cleave_Dir_01_Down_03.png,02_Enemies,339,297,RGBA,True,True,0,255,150335,c187c6c395d79ebaef2745fc9770bc371eb380f4a1834e6ab78b0c8ec8a8914c
Content/美术/Art/02_Enemies/Boss_Overlord/Actions/Heavy_Cleave/Dir_01_Down/T_Boss_Cleave_Dir_01_Down_04.png,02_Enemies,339,297,RGBA,True,True,0,255,132240,18ddca340e3fa9a7c4176481ed29ffe0dadcb8e2f8636000e74ab4bd6da6c0f7
Content/美术/Art/02_Enemies/Boss_Overlord/Actions/Heavy_Cleave/Dir_01_Down/T_Boss_Cleave_Dir_01_Down_Sheet.png,02_Enemies,1356,297,RGBA,True,True,0,255,563281,dc8a40929fd796e873a693520b795c1d86c849cd04d7b45b9cebb81ebfa78294
Content/美术/Art/02_Enemies/Boss_Overlord/Actions/Heavy_Cleave/Dir_02_Right/T_Boss_Cleave_Dir_02_Right_01.png,02_Enemies,352,318,RGBA,True,True,0,255,122972,22596b0d514ac85a064e03494fe1d55f187d7ab11f5bef75dbfc34c9d726917c
Content/美术/Art/02_Enemies/Boss_Overlord/Actions/Heavy_Cleave/Dir_02_Right/T_Boss_Cleave_Dir_02_Right_02.png,02_Enemies,352,318,RGBA,True,True,0,255,134689,c33327c28266ed57c0361de403a726731f41e1ccb4bc0c1e30a0df059bc37478
Content/美术/Art/02_Enemies/Boss_Overlord/Actions/Heavy_Cleave/Dir_02_Right/T_Boss_Cleave_Dir_02_Right_03.png,02_Enemies,352,318,RGBA,True,True,0,255,138757,3b976f11e0ddf90d7da5d8d0a61e53abf5244ba21c771b81e534a15987bcba89
Content/美术/Art/02_Enemies/Boss_Overlord/Actions/Heavy_Cleave/Dir_02_Right/T_Boss_Cleave_Dir_02_Right_04.png,02_Enemies,352,318,RGBA,True,True,0,255,118260,74b80ad5e1943ce3f4ac33723aacd580c274a56fb04196b570f3803af5143131
Content/美术/Art/02_Enemies/Boss_Overlord/Actions/Heavy_Cleave/Dir_02_Right/T_Boss_Cleave_Dir_02_Right_Sheet.png,02_Enemies,1408,318,RGBA,True,True,0,255,494952,043b16b895bddc93f51c8657e6dd8c2ab2f5d561dda42acb4453472223ffadaf
Content/美术/Art/02_Enemies/Boss_Overlord/Actions/Heavy_Cleave/Dir_03_Up/T_Boss_Cleave_Dir_03_Up_01.png,02_Enemies,358,300,RGBA,True,True,0,255,121812,b9143452c48224e33bf85104b6dfc7d5b89efc0abf1f53cd5e7ec524e8ccf73f
Content/美术/Art/02_Enemies/Boss_Overlord/Actions/Heavy_Cleave/Dir_03_Up/T_Boss_Cleave_Dir_03_Up_02.png,02_Enemies,358,300,RGBA,True,True,0,255,152526,eab3a2fcef8a7d93fdc7f96dab55636eb08a22ef079ea45be50f23173c5fad64
Content/美术/Art/02_Enemies/Boss_Overlord/Actions/Heavy_Cleave/Dir_03_Up/T_Boss_Cleave_Dir_03_Up_03.png,02_Enemies,358,300,RGBA,True,True,0,255,138409,ff179dfb7c2d5490438ebf942e4ecb315b9f757b4ddacf55163eeaa56c094ede
Content/美术/Art/02_Enemies/Boss_Overlord/Actions/Heavy_Cleave/Dir_03_Up/T_Boss_Cleave_Dir_03_Up_04.png,02_Enemies,358,300,RGBA,True,True,0,255,122467,8c861a828e92f8e07d9641d4ca31e94a0cdc5ea1a7fcc08645d1965472aae934
Content/美术/Art/02_Enemies/Boss_Overlord/Actions/Heavy_Cleave/Dir_03_Up/T_Boss_Cleave_Dir_03_Up_Sheet.png,02_Enemies,1432,300,RGBA,True,True,0,255,517420,774f7eed12395eac65a47dd6584679500a0b40905b3aa31552ff5ad09ffde765
Content/美术/Art/02_Enemies/Boss_Overlord/Actions/Heavy_Cleave/Dir_04_Left/T_Boss_Cleave_Dir_04_Left_01.png,02_Enemies,361,333,RGBA,True,True,0,255,129162,e53490eadc5f253eea86fba1db1b708dbb38c39f1885814156bccb16e39c48c3
Content/美术/Art/02_Enemies/Boss_Overlord/Actions/Heavy_Cleave/Dir_04_Left/T_Boss_Cleave_Dir_04_Left_02.png,02_Enemies,361,333,RGBA,True,True,0,255,144793,ae0dc520a51ca6d972ed88ed92b24d95ba7c1731629f9c2214bb57d9bae5a45a
Content/美术/Art/02_Enemies/Boss_Overlord/Actions/Heavy_Cleave/Dir_04_Left/T_Boss_Cleave_Dir_04_Left_03.png,02_Enemies,361,333,RGBA,True,True,0,255,140492,31e4874abf6ad91a1833ed03988bb9ae6edecf18a648f3f7395c3097a235f840
Content/美术/Art/02_Enemies/Boss_Overlord/Actions/Heavy_Cleave/Dir_04_Left/T_Boss_Cleave_Dir_04_Left_04.png,02_Enemies,361,333,RGBA,True,True,0,255,120734,a30aaa08cb0ad083fd3f090af4d10b4002d9eff4bb5f7911e7f69e81d9ad9161
Content/美术/Art/02_Enemies/Boss_Overlord/Actions/Heavy_Cleave/Dir_04_Left/T_Boss_Cleave_Dir_04_Left_Sheet.png,02_Enemies,1444,333,RGBA,True,True,0,255,514593,64e5f3f7f1a4af2b4001b3b0a1f6ddf360677b302ccdb562a3bca75fafab50e5
Content/美术/Art/02_Enemies/Boss_Overlord/Actions/Idle/Dir_01_Down/T_Boss_Idle_Dir_01_Down_01.png,02_Enemies,326,320,RGBA,True,True,0,255,152620,2695926284ca3d4aa172dbed335300497f9d50fb78aaa8de18a97eb4bedcd1ea
Content/美术/Art/02_Enemies/Boss_Overlord/Actions/Idle/Dir_01_Down/T_Boss_Idle_Dir_01_Down_02.png,02_Enemies,326,320,RGBA,True,True,0,255,147891,2eefb9b31f2c0eca9f739e5d4ddc16d75ceb8b561a56652d797b5fecb5311c2a
Content/美术/Art/02_Enemies/Boss_Overlord/Actions/Idle/Dir_01_Down/T_Boss_Idle_Dir_01_Down_03.png,02_Enemies,326,320,RGBA,True,True,0,255,150831,fa7ea8e18b2e2f67a88e80fcba6b2ccefef99ee4b64111390b3e15a6b5803a6e
Content/美术/Art/02_Enemies/Boss_Overlord/Actions/Idle/Dir_01_Down/T_Boss_Idle_Dir_01_Down_04.png,02_Enemies,326,320,RGBA,True,True,0,255,150241,b240c47c2c01b7536d876b29af3fd724526f8f642571f3ba3a79556240a4e617
Content/美术/Art/02_Enemies/Boss_Overlord/Actions/Idle/Dir_01_Down/T_Boss_Idle_Dir_01_Down_Sheet.png,02_Enemies,1304,320,RGBA,True,True,0,255,588301,6583e0d8f53a010c40cdc598e3a3af8332fedf4496abdda391180903d7db943f
Content/美术/Art/02_Enemies/Boss_Overlord/Actions/Idle/Dir_02_Right/T_Boss_Idle_Dir_02_Right_01.png,02_Enemies,208,330,RGBA,True,True,0,255,106985,3c37c75cbcd068c2bee68617669c7766ba899f3cb7fafe9cd6e424b1ea81494b
Content/美术/Art/02_Enemies/Boss_Overlord/Actions/Idle/Dir_02_Right/T_Boss_Idle_Dir_02_Right_02.png,02_Enemies,208,330,RGBA,True,True,0,255,99481,3311875f706d0d63f7ac735757f703df9ad623fb11037d9d71cf127575afd16a
Content/美术/Art/02_Enemies/Boss_Overlord/Actions/Idle/Dir_02_Right/T_Boss_Idle_Dir_02_Right_03.png,02_Enemies,208,330,RGBA,True,True,0,255,101439,8c225d4e4b64953d8c61624f3e8479a326f623f77b30762a1734e2d4c4484414
Content/美术/Art/02_Enemies/Boss_Overlord/Actions/Idle/Dir_02_Right/T_Boss_Idle_Dir_02_Right_04.png,02_Enemies,208,330,RGBA,True,True,0,255,103492,4ae633fed39e7357972159fc0c70a29a6b767e31d6d495d45f25fc5eda7ea6bc
Content/美术/Art/02_Enemies/Boss_Overlord/Actions/Idle/Dir_02_Right/T_Boss_Idle_Dir_02_Right_Sheet.png,02_Enemies,832,330,RGBA,True,True,0,255,401332,29e153828142608f38dc8648ab93d6c605046adf2bfbb7f7a490d735b9e784c9
Content/美术/Art/02_Enemies/Boss_Overlord/Actions/Idle/Dir_03_Up/T_Boss_Idle_Dir_03_Up_01.png,02_Enemies,315,324,RGBA,True,True,0,255,139357,27e9091f506b6f496d8a4e79a52bad2b32951fa321feb3da2fdad864c269819c
Content/美术/Art/02_Enemies/Boss_Overlord/Actions/Idle/Dir_03_Up/T_Boss_Idle_Dir_03_Up_02.png,02_Enemies,315,324,RGBA,True,True,0,255,140147,9162c527623dad177228ab9c0aeda49f340e6f89817ec068a522bc6a3fce7917
Content/美术/Art/02_Enemies/Boss_Overlord/Actions/Idle/Dir_03_Up/T_Boss_Idle_Dir_03_Up_03.png,02_Enemies,315,324,RGBA,True,True,0,255,142028,48c89939473495f0b94fda456c8c190c5388ce7076180773c4b8b45aff777a09
Content/美术/Art/02_Enemies/Boss_Overlord/Actions/Idle/Dir_03_Up/T_Boss_Idle_Dir_03_Up_04.png,02_Enemies,315,324,RGBA,True,True,0,255,140649,62dc2abcbb8aa381be6458dfd4db9614089d2182c4bad6d4d837bee15566a378
Content/美术/Art/02_Enemies/Boss_Overlord/Actions/Idle/Dir_03_Up/T_Boss_Idle_Dir_03_Up_Sheet.png,02_Enemies,1260,324,RGBA,True,True,0,255,547516,504e7760288582f44e7c38605e994392a66e537d43f9c0dccebc321799f23982
Content/美术/Art/02_Enemies/Boss_Overlord/Actions/Idle/Dir_04_Left/T_Boss_Idle_Dir_04_Left_01.png,02_Enemies,215,326,RGBA,True,True,0,255,106778,1ec481847d7b63dcab4d2329159a62ac7a1b19777348ce1d9221ff4bc36776b7
Content/美术/Art/02_Enemies/Boss_Overlord/Actions/Idle/Dir_04_Left/T_Boss_Idle_Dir_04_Left_02.png,02_Enemies,215,326,RGBA,True,True,0,255,102914,0f2ddb2532e4a8b24f44ebf089170549a76c580d5331f6f184b90e2b7ac84fab
Content/美术/Art/02_Enemies/Boss_Overlord/Actions/Idle/Dir_04_Left/T_Boss_Idle_Dir_04_Left_03.png,02_Enemies,215,326,RGBA,True,True,0,255,102810,18487ecf6b69d04757b7818f979f2b41ae58b3aa413e133811cdb7d96e2aceef
Content/美术/Art/02_Enemies/Boss_Overlord/Actions/Idle/Dir_04_Left/T_Boss_Idle_Dir_04_Left_04.png,02_Enemies,215,326,RGBA,True,True,0,255,101861,7ddf0f5492d3a45f12afc3a99024fcf79efedfe3e543e8689e078496f4ca9946
Content/美术/Art/02_Enemies/Boss_Overlord/Actions/Idle/Dir_04_Left/T_Boss_Idle_Dir_04_Left_Sheet.png,02_Enemies,860,326,RGBA,True,True,0,255,404800,dcf94c789fce0f4504821c7dcac052516a9d1ad2f2de83e9c050efecce0442d8
Content/美术/Art/02_Enemies/Boss_Overlord/Actions/Walk/Dir_01_Down/T_Boss_Walk_Dir_01_Down_01.png,02_Enemies,348,323,RGBA,True,True,0,255,149492,efd31dc2091882917d14238ba9e5d80ca61739ec6730e7850943f4a450e25e84
Content/美术/Art/02_Enemies/Boss_Overlord/Actions/Walk/Dir_01_Down/T_Boss_Walk_Dir_01_Down_02.png,02_Enemies,348,323,RGBA,True,True,0,255,138110,1696c9ea586d83e5ff824efdc2fbe5dfe22a7f1c97152c63dc722c567958580b
Content/美术/Art/02_Enemies/Boss_Overlord/Actions/Walk/Dir_01_Down/T_Boss_Walk_Dir_01_Down_03.png,02_Enemies,348,323,RGBA,True,True,0,255,143021,3384ebabd1a5129f19a1e5f0081771f4da9b4107767d36181b64ced318f1ae83
Content/美术/Art/02_Enemies/Boss_Overlord/Actions/Walk/Dir_01_Down/T_Boss_Walk_Dir_01_Down_04.png,02_Enemies,348,323,RGBA,True,True,0,255,141881,ae8384255998eafa3e0e158ae3dbc52305c57f5fcfeb23071c3d8726f2eabe53
Content/美术/Art/02_Enemies/Boss_Overlord/Actions/Walk/Dir_01_Down/T_Boss_Walk_Dir_01_Down_Sheet.png,02_Enemies,1392,323,RGBA,True,True,0,255,562401,f5f19a31a12f189914dc14147d79413378264586c5bfd00c85822750ca381e1c
Content/美术/Art/02_Enemies/Boss_Overlord/Actions/Walk/Dir_02_Right/T_Boss_Walk_Dir_02_Right_01.png,02_Enemies,248,321,RGBA,True,True,0,255,111999,4ed3ead82c80c017476e090ac8564ec89e0aa4dfefdfe8fcd942025d503e94ee
Content/美术/Art/02_Enemies/Boss_Overlord/Actions/Walk/Dir_02_Right/T_Boss_Walk_Dir_02_Right_02.png,02_Enemies,248,321,RGBA,True,True,0,255,106096,8ce3b28d5ae0d917071ffc693e9081bc6c7173a65b4b44ab3cd26f391408e7f0
Content/美术/Art/02_Enemies/Boss_Overlord/Actions/Walk/Dir_02_Right/T_Boss_Walk_Dir_02_Right_03.png,02_Enemies,248,321,RGBA,True,True,0,255,119569,e854899fcbc629f72b904676a3f0e396c2c6f2d7fe989afd9a78620594b45b11
Content/美术/Art/02_Enemies/Boss_Overlord/Actions/Walk/Dir_02_Right/T_Boss_Walk_Dir_02_Right_04.png,02_Enemies,248,321,RGBA,True,True,0,255,120256,b68f66bc9ca75f8d9f3c24dfcc7a0b9c4690009457ae3132e7f60556e4a46c86
Content/美术/Art/02_Enemies/Boss_Overlord/Actions/Walk/Dir_02_Right/T_Boss_Walk_Dir_02_Right_Sheet.png,02_Enemies,992,321,RGBA,True,True,0,255,449067,6b4f44fcf0cbfc6c14d74d2db75a397e1075c02556dd5d0f3c360a90accca02f
Content/美术/Art/02_Enemies/Boss_Overlord/Actions/Walk/Dir_03_Up/T_Boss_Walk_Dir_03_Up_01.png,02_Enemies,340,320,RGBA,True,True,0,255,140530,4d4b6fa791afe4e8f21913c04f0d84c924849990b5fe05644f5a8cc9b1cdb1e2
Content/美术/Art/02_Enemies/Boss_Overlord/Actions/Walk/Dir_03_Up/T_Boss_Walk_Dir_03_Up_02.png,02_Enemies,340,320,RGBA,True,True,0,255,135540,4f4101f38c55a84ae6c25038c6db33741183923b5cf992210e3840282020c217
Content/美术/Art/02_Enemies/Boss_Overlord/Actions/Walk/Dir_03_Up/T_Boss_Walk_Dir_03_Up_03.png,02_Enemies,340,320,RGBA,True,True,0,255,144477,ef9912573859bd4c40436011022c4a11f94b4ac3b529e79dcdaf7f7cdb63e5df
Content/美术/Art/02_Enemies/Boss_Overlord/Actions/Walk/Dir_03_Up/T_Boss_Walk_Dir_03_Up_04.png,02_Enemies,340,320,RGBA,True,True,0,255,141926,ea0314d15e64ccd91a95b9563fc882bfd2564b4d47e1ed950d65258b50a209f4
Content/美术/Art/02_Enemies/Boss_Overlord/Actions/Walk/Dir_03_Up/T_Boss_Walk_Dir_03_Up_Sheet.png,02_Enemies,1360,320,RGBA,True,True,0,255,551334,b26829b7518705d62828cb80f3027a9cf4b29d8f6f788379dd65c0499ea181d7
Content/美术/Art/02_Enemies/Boss_Overlord/Actions/Walk/Dir_04_Left/T_Boss_Walk_Dir_04_Left_01.png,02_Enemies,277,334,RGBA,True,True,0,255,116555,df8af27f3ccce4352d20e7f7414a122343031973fa808f8ac1c0f2060009f377
Content/美术/Art/02_Enemies/Boss_Overlord/Actions/Walk/Dir_04_Left/T_Boss_Walk_Dir_04_Left_02.png,02_Enemies,277,334,RGBA,True,True,0,255,123262,9a4bd8445f3885a4ed695a2b838ce3bec3da91606ba8f0573ea559dbb0fcda8a
Content/美术/Art/02_Enemies/Boss_Overlord/Actions/Walk/Dir_04_Left/T_Boss_Walk_Dir_04_Left_03.png,02_Enemies,277,334,RGBA,True,True,0,255,131755,3d29a24b56ad7a8eb86f35ceb3761c0d1147bd15d5cbd24bfcfc0b34bcef39a8
Content/美术/Art/02_Enemies/Boss_Overlord/Actions/Walk/Dir_04_Left/T_Boss_Walk_Dir_04_Left_04.png,02_Enemies,277,334,RGBA,True,True,0,255,122803,62da8f53ea79cedaef2ae4116b4a7dd8841836cfb4c64d81447c2e2a831cf960
Content/美术/Art/02_Enemies/Boss_Overlord/Actions/Walk/Dir_04_Left/T_Boss_Walk_Dir_04_Left_Sheet.png,02_Enemies,1108,334,RGBA,True,True,0,255,485483,ac34be1fa2edb85464319754cb5d59a8d9ea3879452f21737bccb991ef49fc82
Content/美术/Art/02_Enemies/Boss_Overlord/Skills/01_FlameWave/T_BossSkill_FlameWave_01.png,02_Enemies,462,871,RGBA,True,True,0,255,283577,371888762d78429ab12c4011828eeb262629a0ddb8b2878eb31f364f9950f6a4
Content/美术/Art/02_Enemies/Boss_Overlord/Skills/01_FlameWave/T_BossSkill_FlameWave_02.png,02_Enemies,462,871,RGBA,True,True,0,255,409444,a98695459b3cc8f375265f2cd4b1c2e10b1c7ce2c61d731c79884f24d48332b4
Content/美术/Art/02_Enemies/Boss_Overlord/Skills/01_FlameWave/T_BossSkill_FlameWave_03.png,02_Enemies,462,871,RGBA,True,True,0,255,399093,bcba6989ecf1e6f942a75086a55fe4d49adef420535579afcf18fbc1d9134ece
Content/美术/Art/02_Enemies/Boss_Overlord/Skills/01_FlameWave/T_BossSkill_FlameWave_04.png,02_Enemies,462,871,RGBA,True,True,0,255,577174,86445093c033415b4755a3d649b410b232cf44ff40059a31111cd8c6d29b809e
Content/美术/Art/02_Enemies/Boss_Overlord/Skills/01_FlameWave/T_BossSkill_FlameWave_Sheet.png,02_Enemies,1848,871,RGBA,True,True,0,255,1537336,b888a82595b75554da0f9288aa5cb0a5421e888c18fab1965629d4f3c96e1039
Content/美术/Art/02_Enemies/Boss_Overlord/Skills/03_EarthSpikes/T_BossSkill_EarthSpikes_01.png,02_Enemies,527,664,RGBA,True,True,0,255,441911,aa52ad976ed9eabfe2f636b170b197bf9fe535ac1e2d585a2aba2717c6eeb0f1
Content/美术/Art/02_Enemies/Boss_Overlord/Skills/03_EarthSpikes/T_BossSkill_EarthSpikes_02.png,02_Enemies,527,664,RGBA,True,True,0,255,252568,92069566cddc46045650154308a1ef456e14ee3e87e094ba2f8184a6ceb3a5e5
Content/美术/Art/02_Enemies/Boss_Overlord/Skills/03_EarthSpikes/T_BossSkill_EarthSpikes_03.png,02_Enemies,527,664,RGBA,True,True,0,255,198885,85f7e86c348778f801cb3562b1aa453391b4579f54199d95ce0c9800a73f4724
Content/美术/Art/02_Enemies/Boss_Overlord/Skills/03_EarthSpikes/T_BossSkill_EarthSpikes_04.png,02_Enemies,527,664,RGBA,True,True,0,255,157094,49bebb21334ddfbe54dbb8dc5ff9b826b8a7146472103459a4ceca13a7da0c2c
Content/美术/Art/02_Enemies/Boss_Overlord/Skills/03_EarthSpikes/T_BossSkill_EarthSpikes_Sheet.png,02_Enemies,2108,664,RGBA,True,True,0,255,931835,8849700d1970bd33113e647257361bba8039f74810ef6bfdab7896fbfcba9e7f
Content/美术/Art/02_Enemies/Boss_Overlord/Skills/04_AcidPool/T_BossSkill_AcidPool_01.png,02_Enemies,554,442,RGBA,True,True,0,255,350101,ae5ee1a864b4663e78900389a0ca20e2a2000a3e9e1b9c76585b143097922b67
Content/美术/Art/02_Enemies/Boss_Overlord/Skills/04_AcidPool/T_BossSkill_AcidPool_02.png,02_Enemies,554,442,RGBA,True,True,0,255,217784,a46f5a41c4204ea8fd7ee00707342491f2b55b963e54333ef4ba51e03bd76dd0
Content/美术/Art/02_Enemies/Boss_Overlord/Skills/04_AcidPool/T_BossSkill_AcidPool_04.png,02_Enemies,554,442,RGBA,True,True,0,255,146967,7b29bd5a93e941bf878c167e5c5bcff790b39db086a091012a74bdd31d9354bb
Content/美术/Art/02_Enemies/Boss_Overlord/Skills/04_AcidPool/T_BossSkill_AcidPool_06.png,02_Enemies,554,442,RGBA,True,True,0,255,74319,eb85593e4729a3910c3828929e385b1f5bafc1853c429ae4bcd46bf9332daaee
Content/美术/Art/02_Enemies/Boss_Overlord/Skills/04_AcidPool/T_BossSkill_AcidPool_Sheet.png,02_Enemies,2216,442,RGBA,True,True,0,255,749875,06c1096e1a928f4b7416645c87fd43984186dd7d0e8980e78427de817173dd6e
Content/美术/Art/02_Enemies/Boss_Overlord/Skills/05_SporeBomb/T_BossSkill_SporeBomb_01.png,02_Enemies,530,753,RGBA,True,True,0,255,673878,ee2b20efcc2b84df0e595d1fe76bff242ff218087f240bc2527c2effea0f57bb
Content/美术/Art/02_Enemies/Boss_Overlord/Skills/05_SporeBomb/T_BossSkill_SporeBomb_02.png,02_Enemies,530,753,RGBA,True,True,0,255,426947,acd8f83e6595645ad5e82d35cbe66c6ef451ad907a758c62696f3ba9f40ea298
Content/美术/Art/02_Enemies/Boss_Overlord/Skills/05_SporeBomb/T_BossSkill_SporeBomb_03.png,02_Enemies,530,753,RGBA,True,True,0,255,239249,7b974f3b120c1baa4f12a1dd886b7cd41d01e230d46ca0bdea35eef88898737a
Content/美术/Art/02_Enemies/Boss_Overlord/Skills/05_SporeBomb/T_BossSkill_SporeBomb_04.png,02_Enemies,530,753,RGBA,True,True,0,253,112345,5b1852674230576cbc24249ff322496538903b3702e197d89357570348bb9c6d
Content/美术/Art/02_Enemies/Boss_Overlord/Skills/05_SporeBomb/T_BossSkill_SporeBomb_05.png,02_Enemies,530,753,RGBA,True,True,0,255,5159,930a7e1e91b6ba0e3db6b47d76c781a4aaa60ec95425d1860d4ed395f0ff50d3
Content/美术/Art/02_Enemies/Boss_Overlord/Skills/05_SporeBomb/T_BossSkill_SporeBomb_Sheet.png,02_Enemies,2650,753,RGBA,True,True,0,255,1391568,c5ca1cab0162758c84d77ef07a54d8e94055140839ff12cb96229333aa711962
Content/美术/Art/02_Enemies/Boss_Overlord/Skills/06_EggSummon/T_BossSkill_EggSummon_01.png,02_Enemies,517,584,RGBA,True,True,0,255,405011,347a3e5d47da3eb86f3f0a6df20f2802920050f06d848b6bea499d24d716e995
Content/美术/Art/02_Enemies/Boss_Overlord/Skills/06_EggSummon/T_BossSkill_EggSummon_02.png,02_Enemies,517,584,RGBA,True,True,0,255,204285,847a45c017202efc1d4bd51ee6f1326edc9b446c8161b60dc1e9235af40aaa8c
Content/美术/Art/02_Enemies/Boss_Overlord/Skills/06_EggSummon/T_BossSkill_EggSummon_03.png,02_Enemies,517,584,RGBA,True,True,0,249,150269,efb5f5da2835d41dbf1e61690febca88ac4338384b393876c9a518729a0ce67c
Content/美术/Art/02_Enemies/Boss_Overlord/Skills/06_EggSummon/T_BossSkill_EggSummon_04.png,02_Enemies,517,584,RGBA,True,True,0,255,132886,401ee208c881a7d36e5672cf21edb2fa24315b0e4641a9b2d850e17511459eca
Content/美术/Art/02_Enemies/Boss_Overlord/Skills/06_EggSummon/T_BossSkill_EggSummon_Sheet.png,02_Enemies,2068,584,RGBA,True,True,0,255,825103,2cf472a61d97e4caa318555ef6ba1428465d2da9e4dbd990975ff12dde916c96
Content/美术/Art/02_Enemies/Boss_Overlord/Skills/08_BlightBreath/T_BossSkill_BlightBreath_01.png,02_Enemies,411,550,RGBA,True,True,0,255,170515,02517ca87f11a0cb075a161b0e3b6bc3a67db810c63a6a39e302929825620313
Content/美术/Art/02_Enemies/Boss_Overlord/Skills/08_BlightBreath/T_BossSkill_BlightBreath_02.png,02_Enemies,411,550,RGBA,True,True,0,255,216335,790a765194346b39a69482e97bac9af7ac21722c2242a9a9e115d4172c191588
Content/美术/Art/02_Enemies/Boss_Overlord/Skills/08_BlightBreath/T_BossSkill_BlightBreath_03.png,02_Enemies,411,550,RGBA,True,True,0,255,322196,3730fb63fb58cd856cd8d0eeea6399aa8b1e0003d4e157807079ef6a59321e71
Content/美术/Art/02_Enemies/Boss_Overlord/Skills/08_BlightBreath/T_BossSkill_BlightBreath_04.png,02_Enemies,411,550,RGBA,True,True,0,255,193197,140f889e4df86bdacca8ec2ffb1bfd7ecfdad0abce0987f0d135fcf0c333d143
Content/美术/Art/02_Enemies/Boss_Overlord/Skills/08_BlightBreath/T_BossSkill_BlightBreath_Sheet.png,02_Enemies,1644,550,RGBA,True,True,0,255,867043,b8c70928ee12de5cb06df47654357134a50907b7b2c15a8a2ab65f3f9d224de3
Content/美术/Art/02_Enemies/Boss_Overlord/Skills/09_MeteorRain/T_BossSkill_MeteorRain_01.png,02_Enemies,542,744,RGBA,True,True,0,255,474632,b78a570628e0c0570b540b18d270b13e17532810b10fc0ba80a33a1c2d1ca926
Content/美术/Art/02_Enemies/Boss_Overlord/Skills/09_MeteorRain/T_BossSkill_MeteorRain_02.png,02_Enemies,542,744,RGBA,True,True,0,255,238885,3415692bcf33fe8261481d607a7e26ff50a24b2559c546e67174c07102c82ead
Content/美术/Art/02_Enemies/Boss_Overlord/Skills/09_MeteorRain/T_BossSkill_MeteorRain_03.png,02_Enemies,542,744,RGBA,True,True,0,255,151549,705a157a2bdd801554c3c82f4db29738783b0438b00fb672b47c72d038b37099
Content/美术/Art/02_Enemies/Boss_Overlord/Skills/09_MeteorRain/T_BossSkill_MeteorRain_04.png,02_Enemies,542,744,RGBA,True,True,0,245,85880,e4dbfa2c4780d3f37cfcfd8e5dff3928a38997c4efdd464c9cdb9c8e57c9e0b3
Content/美术/Art/02_Enemies/Boss_Overlord/Skills/09_MeteorRain/T_BossSkill_MeteorRain_Sheet.png,02_Enemies,2168,744,RGBA,True,True,0,255,867822,bbe767925c0fd0a3f656a9dfd4ccb8e7d75fef48182bda4c09f56500550ae9d8
Content/美术/Art/02_Enemies/Boss_Overlord/Skills/10_BioShield/T_BossSkill_BioShield_01.png,02_Enemies,457,938,RGBA,True,True,0,253,165471,b1790ab5e6a86826dc591e48d353e6b92818f7e6c0bcc0bb499f3ce47800c05a
Content/美术/Art/02_Enemies/Boss_Overlord/Skills/10_BioShield/T_BossSkill_BioShield_02.png,02_Enemies,457,938,RGBA,True,True,0,255,360065,b28ab6facaf00fd8be2ec2d8e890616154e7060439428e0065fda84bf26f4fa7
Content/美术/Art/02_Enemies/Boss_Overlord/Skills/10_BioShield/T_BossSkill_BioShield_03.png,02_Enemies,457,938,RGBA,True,True,0,255,683508,9c7535616c26b0edd7b2afa65f290a8486c4ccb642a27b3d238227d0185c715b
Content/美术/Art/02_Enemies/Boss_Overlord/Skills/10_BioShield/T_BossSkill_BioShield_04.png,02_Enemies,457,938,RGBA,True,True,0,255,282843,83bfe989f20f7da2e6da2df388aaaa779f240c4d0e674cfe2570a9bd1f2360e4
Content/美术/Art/02_Enemies/Boss_Overlord/Skills/10_BioShield/T_BossSkill_BioShield_Sheet.png,02_Enemies,1828,938,RGBA,True,True,0,255,1444978,44b0b3bde711cd164e2ad9c16f9d733ec60ecafd60fc0a0f3c76b6944b49517e
Content/美术/Art/02_Enemies/MutantHound/Bite_Combo/Dir_01_Down/T_Hound_Bite_Dir_01_Down_01.png,02_Enemies,312,296,RGBA,True,True,0,255,118411,b81328317a389a17f85c5d6514277bcc832e5428df334c39c4d3563adc935acd
Content/美术/Art/02_Enemies/MutantHound/Bite_Combo/Dir_01_Down/T_Hound_Bite_Dir_01_Down_02.png,02_Enemies,312,296,RGBA,True,True,0,255,128422,2ff2de6a46af924d1ed8b7700c897e20ef1aac8558e6e100c1f2a3f1dc3fb9c2
Content/美术/Art/02_Enemies/MutantHound/Bite_Combo/Dir_01_Down/T_Hound_Bite_Dir_01_Down_03.png,02_Enemies,312,296,RGBA,True,True,0,255,115569,b833df1f26404581a87a995ac8206e9616c69bf0ab5a0f8bb8ea95fdd2ba81c1
Content/美术/Art/02_Enemies/MutantHound/Bite_Combo/Dir_01_Down/T_Hound_Bite_Dir_01_Down_04.png,02_Enemies,312,296,RGBA,True,True,0,255,119492,f21939483730a0ff85c2a63445cefdf4fd7d72761c254ca796fb648a4f8431d8
Content/美术/Art/02_Enemies/MutantHound/Bite_Combo/Dir_01_Down/T_Hound_Bite_Dir_01_Down_Sheet.png,02_Enemies,1248,296,RGBA,True,True,0,255,472391,5279415c815e2f33fcc549127aad1d8a20daf055d2f8c6ef060d38252567cd05
Content/美术/Art/02_Enemies/MutantHound/Bite_Combo/Dir_02_Right/T_Hound_Bite_Dir_02_Right_01.png,02_Enemies,352,275,RGBA,True,True,0,255,122726,726226359e0cbec4cd7393a5a7800e36fae5731ddf048f7009acd21c82dc8878
Content/美术/Art/02_Enemies/MutantHound/Bite_Combo/Dir_02_Right/T_Hound_Bite_Dir_02_Right_02.png,02_Enemies,352,275,RGBA,True,True,0,255,122625,b8376c9210a137f18904563091ea8452e79fbc3324d8b3506384aad78fb1a7d2
Content/美术/Art/02_Enemies/MutantHound/Bite_Combo/Dir_02_Right/T_Hound_Bite_Dir_02_Right_03.png,02_Enemies,352,275,RGBA,True,True,0,255,117787,803f39bc49626b81e5d77d25d93c6321b139c18825bc2ba6857e43b34fdb97e6
Content/美术/Art/02_Enemies/MutantHound/Bite_Combo/Dir_02_Right/T_Hound_Bite_Dir_02_Right_04.png,02_Enemies,352,275,RGBA,True,True,0,255,112187,a36f09ae32fae66c8b2b620908a26dc6209c8b7cc1b0291c572fd0edf277f6c6
Content/美术/Art/02_Enemies/MutantHound/Bite_Combo/Dir_02_Right/T_Hound_Bite_Dir_02_Right_Sheet.png,02_Enemies,1408,275,RGBA,True,True,0,255,466854,ec689eb5b8497a04becab83478bb7136ef10919ebd3b2fa1dfe1439eea86ccfa
Content/美术/Art/02_Enemies/MutantHound/Bite_Combo/Dir_03_Up/T_Hound_Bite_Dir_03_Up_01.png,02_Enemies,320,306,RGBA,True,True,0,255,103743,c1d9b782f69b91739d30515a8f7d149ee3a6b7eab23adc6e2a64288be49ed1bd
Content/美术/Art/02_Enemies/MutantHound/Bite_Combo/Dir_03_Up/T_Hound_Bite_Dir_03_Up_02.png,02_Enemies,320,306,RGBA,True,True,0,255,114092,ad3d7cd971cd2c0f44c56b17ec056ebf7603da588adeac2da7c103c8acfd3aad
Content/美术/Art/02_Enemies/MutantHound/Bite_Combo/Dir_03_Up/T_Hound_Bite_Dir_03_Up_03.png,02_Enemies,320,306,RGBA,True,True,0,255,97089,8a1c6090e6f32193ab06aaac7eafab2d6ba8786f7f6c139fb58c3ba2d3493c2c
Content/美术/Art/02_Enemies/MutantHound/Bite_Combo/Dir_03_Up/T_Hound_Bite_Dir_03_Up_04.png,02_Enemies,320,306,RGBA,True,True,0,255,102427,ad2c398be74afa97ec3c4f54b218df52f730187bbe059fc70e2b327e7a4b84e8
Content/美术/Art/02_Enemies/MutantHound/Bite_Combo/Dir_03_Up/T_Hound_Bite_Dir_03_Up_Sheet.png,02_Enemies,1280,306,RGBA,True,True,0,255,409585,abdc6f239b186ff5cae7bc782e15c5ebfbf2f2ed66b38ce5626e04b6b3f77959
Content/美术/Art/02_Enemies/MutantHound/Bite_Combo/Dir_04_Left/T_Hound_Bite_Dir_04_Left_01.png,02_Enemies,336,265,RGBA,True,True,0,255,129357,a382920b4b5450c3bb4246c7e7461485b015fc608632f9a760e5675f41542041
Content/美术/Art/02_Enemies/MutantHound/Bite_Combo/Dir_04_Left/T_Hound_Bite_Dir_04_Left_02.png,02_Enemies,336,265,RGBA,True,True,0,255,113994,8f28b7c1dc4b84b15f639666149f4925804b216928183acef2e4efaf25547824
Content/美术/Art/02_Enemies/MutantHound/Bite_Combo/Dir_04_Left/T_Hound_Bite_Dir_04_Left_03.png,02_Enemies,336,265,RGBA,True,True,0,255,115589,e5c77a52fa366ccc3fa9811349371f6198a785128371a34d109a05b71ab32f17
Content/美术/Art/02_Enemies/MutantHound/Bite_Combo/Dir_04_Left/T_Hound_Bite_Dir_04_Left_04.png,02_Enemies,336,265,RGBA,True,True,0,255,116773,c8a13d84d7bbf2683038b910f061285467c9de517e10c1e638092fc29eea241f
Content/美术/Art/02_Enemies/MutantHound/Bite_Combo/Dir_04_Left/T_Hound_Bite_Dir_04_Left_Sheet.png,02_Enemies,1344,265,RGBA,True,True,0,255,466100,f410f02d59dba39a6423c876fe9fe0ceba507fcc7ab9da30032e94f0052e1fb0
Content/美术/Art/02_Enemies/MutantHound/Death/Dir_01_Down/T_Hound_Death_Dir_01_Down_01.png,02_Enemies,329,300,RGBA,True,True,0,255,140636,c498424cf75443f351f111fac4e60b9b42fa503bf895867d6f543673764a2b4b
Content/美术/Art/02_Enemies/MutantHound/Death/Dir_01_Down/T_Hound_Death_Dir_01_Down_02.png,02_Enemies,329,300,RGBA,True,True,0,255,126099,4530659cdee0c92c21b794b2c2fc472cde3fd0c05cfe636383c2098df8a77dcc
Content/美术/Art/02_Enemies/MutantHound/Death/Dir_01_Down/T_Hound_Death_Dir_01_Down_03.png,02_Enemies,329,300,RGBA,True,True,0,255,103047,9d05a8002c5ab27b9f592181adde2311ad572f753ba1480ae2cc5d3c1ce1615d
Content/美术/Art/02_Enemies/MutantHound/Death/Dir_01_Down/T_Hound_Death_Dir_01_Down_04.png,02_Enemies,329,300,RGBA,True,True,0,255,77821,65dc74e5c4a6f013fb14a55cc5e5d0fa154eda223fe761803fc17bc7206aa77c
Content/美术/Art/02_Enemies/MutantHound/Death/Dir_01_Down/T_Hound_Death_Dir_01_Down_Sheet.png,02_Enemies,1316,300,RGBA,True,True,0,255,440107,cdf1f4c87645fe0dac4d3a33d7a0c15986701018e9d8bc171117716ccb4d9cb7
Content/美术/Art/02_Enemies/MutantHound/Death/Dir_02_Right/T_Hound_Death_Dir_02_Right_01.png,02_Enemies,327,233,RGBA,True,True,0,255,120542,e996123e488b42af3a333a2ea9b4c8ae9d90644fcf00c55884218f86e9a9339f
Content/美术/Art/02_Enemies/MutantHound/Death/Dir_02_Right/T_Hound_Death_Dir_02_Right_02.png,02_Enemies,327,233,RGBA,True,True,0,255,102327,5533f3723216f1a9ba4b9031e792f4a2828c390d0361852217b2dddcf2179304
Content/美术/Art/02_Enemies/MutantHound/Death/Dir_02_Right/T_Hound_Death_Dir_02_Right_03.png,02_Enemies,327,233,RGBA,True,True,0,255,85998,9d20f2a566f0594afc8ad8c33ece558d1526d95cb0d0cd46edb542dcece3b1c5
Content/美术/Art/02_Enemies/MutantHound/Death/Dir_02_Right/T_Hound_Death_Dir_02_Right_04.png,02_Enemies,327,233,RGBA,True,True,0,255,76459,5b6a3553a406d1269b08402c230e0040a771d90d9676542c238d44596574554c
Content/美术/Art/02_Enemies/MutantHound/Death/Dir_02_Right/T_Hound_Death_Dir_02_Right_Sheet.png,02_Enemies,1308,233,RGBA,True,True,0,255,378076,c7513cca475fa51ce65de316edd2d3d2a526e04cc2464638490f4e372e014339
Content/美术/Art/02_Enemies/MutantHound/Death/Dir_03_Up/T_Hound_Death_Dir_03_Up_01.png,02_Enemies,333,276,RGBA,True,True,0,255,116493,ef9cf769a95f9f51302d6d973038bde93b8947432724fdbd316f0370ae503aa3
Content/美术/Art/02_Enemies/MutantHound/Death/Dir_03_Up/T_Hound_Death_Dir_03_Up_02.png,02_Enemies,333,276,RGBA,True,True,0,255,99628,a3daa5242493a41dea8d63a77a691ce7e1fde468eda1ab874b29c122b3633d40
Content/美术/Art/02_Enemies/MutantHound/Death/Dir_03_Up/T_Hound_Death_Dir_03_Up_03.png,02_Enemies,333,276,RGBA,True,True,0,255,82185,e719e0a006516da27673853b69336350fab94e25b9eaca8cf8496b1a316eaed6
Content/美术/Art/02_Enemies/MutantHound/Death/Dir_03_Up/T_Hound_Death_Dir_03_Up_04.png,02_Enemies,333,276,RGBA,True,True,0,255,76666,178c04dd71623052d41bd63c50067c825855b37691b5a9be80e624434b7ea6e8
Content/美术/Art/02_Enemies/MutantHound/Death/Dir_03_Up/T_Hound_Death_Dir_03_Up_Sheet.png,02_Enemies,1332,276,RGBA,True,True,0,255,368432,295b738ec7f600b2ea67888c255d841e685b83779b1505cb3ebfebc667251272
Content/美术/Art/02_Enemies/MutantHound/Death/Dir_04_Left/T_Hound_Death_Dir_04_Left_01.png,02_Enemies,331,249,RGBA,True,True,0,255,126415,8284bdab81e62140c3d5804edfe4593aaff75c52b38452bec2a0d623bd045b53
Content/美术/Art/02_Enemies/MutantHound/Death/Dir_04_Left/T_Hound_Death_Dir_04_Left_02.png,02_Enemies,331,249,RGBA,True,True,0,255,104800,ca67efa24145882db0d9e17c028ce63b37832fa676ed50c67b39d85f2a9e833a
Content/美术/Art/02_Enemies/MutantHound/Death/Dir_04_Left/T_Hound_Death_Dir_04_Left_03.png,02_Enemies,331,249,RGBA,True,True,0,255,87856,ed65eebdd8d4153829828c5b30d6ea7f03a9615a92886c43fb62640c03be6dd7
Content/美术/Art/02_Enemies/MutantHound/Death/Dir_04_Left/T_Hound_Death_Dir_04_Left_04.png,02_Enemies,331,249,RGBA,True,True,0,255,83176,2f1c63d22057b98104462b18ab8fb22d0c8843ca52b64f9af36cadab23b7dbac
Content/美术/Art/02_Enemies/MutantHound/Death/Dir_04_Left/T_Hound_Death_Dir_04_Left_Sheet.png,02_Enemies,1324,249,RGBA,True,True,0,255,394306,8b03bacbde277a97dca8cd691a4eca931bc61727d749d31ac0fb629373d26b1c
Content/美术/Art/02_Enemies/MutantHound/Howl/Dir_01_Down/T_Hound_Howl_Dir_01_Down_01.png,02_Enemies,311,294,RGBA,True,True,0,255,131955,d8be0d8feddb97c81cff83e6204e0baff9871a2190331fbceaa76277f3489e36
Content/美术/Art/02_Enemies/MutantHound/Howl/Dir_01_Down/T_Hound_Howl_Dir_01_Down_02.png,02_Enemies,311,294,RGBA,True,True,0,255,127625,711dd26b6d968b55dc554b55ae6729899dc6f2772a63d9b3a18f4497aba81b7a
Content/美术/Art/02_Enemies/MutantHound/Howl/Dir_01_Down/T_Hound_Howl_Dir_01_Down_03.png,02_Enemies,311,294,RGBA,True,True,0,255,126416,f5206e4b4915167134b0f59032b68b00e35bb69b0e3b241d575c8b1ef9620340
Content/美术/Art/02_Enemies/MutantHound/Howl/Dir_01_Down/T_Hound_Howl_Dir_01_Down_04.png,02_Enemies,311,294,RGBA,True,True,0,255,127537,0704ec7eabc0874e30ad29e302a40a1a3b9b474c2ea498a77772591910b95289
Content/美术/Art/02_Enemies/MutantHound/Howl/Dir_01_Down/T_Hound_Howl_Dir_01_Down_Sheet.png,02_Enemies,1244,294,RGBA,True,True,0,255,501479,712aaf628596619e908e4573c04f01f7f115d25e78de34b01b7df07299b31a68
Content/美术/Art/02_Enemies/MutantHound/Howl/Dir_02_Right/T_Hound_Howl_Dir_02_Right_01.png,02_Enemies,325,272,RGBA,True,True,0,255,131827,e85ab09dd2543be7152c3169a15acff8bdbd5f30bed542f465bd137bbd8cea5d
Content/美术/Art/02_Enemies/MutantHound/Howl/Dir_02_Right/T_Hound_Howl_Dir_02_Right_02.png,02_Enemies,325,272,RGBA,True,True,0,255,116709,a9b9bae631a8d223299938eaafd11e7d5ccd1e78bf9151e7ccba671ad1fd6cdc
Content/美术/Art/02_Enemies/MutantHound/Howl/Dir_02_Right/T_Hound_Howl_Dir_02_Right_03.png,02_Enemies,325,272,RGBA,True,True,0,255,122515,8375226648fe9bd46eae4a4b1647ae4a2cc2a0647b0d4be0f834f661e8d0478c
Content/美术/Art/02_Enemies/MutantHound/Howl/Dir_02_Right/T_Hound_Howl_Dir_02_Right_04.png,02_Enemies,325,272,RGBA,True,True,0,255,119222,1e036c7b2cdd8b736d86123b69e9762c78fb2addcc2be8dcce80b16c4433f2c6
Content/美术/Art/02_Enemies/MutantHound/Howl/Dir_02_Right/T_Hound_Howl_Dir_02_Right_Sheet.png,02_Enemies,1300,272,RGBA,True,True,0,255,478018,c3368def3b11e7c53481b97d743b054c147fabb04872057d4fb67c8bec9512fc
Content/美术/Art/02_Enemies/MutantHound/Howl/Dir_03_Up/T_Hound_Howl_Dir_03_Up_01.png,02_Enemies,313,279,RGBA,True,True,0,255,117050,83fc8972ef421a2173d4289d45f715c1105ed1aaca33da550cd90313f66d76f2
Content/美术/Art/02_Enemies/MutantHound/Howl/Dir_03_Up/T_Hound_Howl_Dir_03_Up_02.png,02_Enemies,313,279,RGBA,True,True,0,255,113408,14b8e19b821a1f6f55add84f7dccc8047a8ecdb3a484c18eeb63fb5a22c58e65
Content/美术/Art/02_Enemies/MutantHound/Howl/Dir_03_Up/T_Hound_Howl_Dir_03_Up_03.png,02_Enemies,313,279,RGBA,True,True,0,255,102603,4c03eefdfc09623129204bb70e4d212d6a7ef8da5d4b5ba1e825163fbd0dcc65
Content/美术/Art/02_Enemies/MutantHound/Howl/Dir_03_Up/T_Hound_Howl_Dir_03_Up_04.png,02_Enemies,313,279,RGBA,True,True,0,255,102900,1f67f3229433534326585e5e3f906535dd94e3b319390bf14f0d877fdff0ebf4
Content/美术/Art/02_Enemies/MutantHound/Howl/Dir_03_Up/T_Hound_Howl_Dir_03_Up_Sheet.png,02_Enemies,1252,279,RGBA,True,True,0,255,426154,3279d58d10fdd8981a8c170dc7393f9d90a8c3d0c9793a0c7b30eaa4dbef0678
Content/美术/Art/02_Enemies/MutantHound/Howl/Dir_04_Left/T_Hound_Howl_Dir_04_Left_01.png,02_Enemies,321,295,RGBA,True,True,0,255,137546,e699cf4dbf7894c3feef1c1a23b58a299d210c3bbdeb1e9dda30bec0e572602f
Content/美术/Art/02_Enemies/MutantHound/Howl/Dir_04_Left/T_Hound_Howl_Dir_04_Left_02.png,02_Enemies,321,295,RGBA,True,True,0,255,136899,6161fea6da043db7317e65e24941b1bd5246b9c5b81a2008589a262b50fddd66
Content/美术/Art/02_Enemies/MutantHound/Howl/Dir_04_Left/T_Hound_Howl_Dir_04_Left_03.png,02_Enemies,321,295,RGBA,True,True,0,255,126410,79a52046e528c16d453fb4cfa73bfaa005d57069fed37c4647e4e807c1926a38
Content/美术/Art/02_Enemies/MutantHound/Howl/Dir_04_Left/T_Hound_Howl_Dir_04_Left_04.png,02_Enemies,321,295,RGBA,True,True,0,255,132265,b027a034c58b2575cd33d1f376280959819911fa2318db3a8ef89d6fcc8b4162
Content/美术/Art/02_Enemies/MutantHound/Howl/Dir_04_Left/T_Hound_Howl_Dir_04_Left_Sheet.png,02_Enemies,1284,295,RGBA,True,True,0,255,520182,d0b72284c3d61e9562a39bfb924e287f9737ca081c9143402bdc2eb673495137
Content/美术/Art/02_Enemies/MutantHound/Pounce/Dir_01_Down/T_Hound_Pounce_Dir_01_Down_01.png,02_Enemies,252,317,RGBA,True,True,0,255,116270,3d560a892a2e7367c3255fa1e9ff87d11afef779bcb0b205c877e55e2898b3df
Content/美术/Art/02_Enemies/MutantHound/Pounce/Dir_01_Down/T_Hound_Pounce_Dir_01_Down_02.png,02_Enemies,252,317,RGBA,True,True,0,255,114641,976fa49f19646a852da890d059c6e120c170e6fde813b6b50ab97e4b5a03bf6a
Content/美术/Art/02_Enemies/MutantHound/Pounce/Dir_01_Down/T_Hound_Pounce_Dir_01_Down_03.png,02_Enemies,252,317,RGBA,True,True,0,255,120812,ec7dff424a61d3c4f55fc97596f378d1cc1cad4e7e426ca69d1d83ffc472c239
Content/美术/Art/02_Enemies/MutantHound/Pounce/Dir_01_Down/T_Hound_Pounce_Dir_01_Down_04.png,02_Enemies,252,317,RGBA,True,True,0,255,117871,b10ed555dbb7b4a1f1b466847249e23e864cfe424a644eda0a4fdabc5c694143
Content/美术/Art/02_Enemies/MutantHound/Pounce/Dir_01_Down/T_Hound_Pounce_Dir_01_Down_Sheet.png,02_Enemies,1008,317,RGBA,True,True,0,255,459565,42d4b39f67993be4754544284111761fd46c7aa54e3a8e10f4a9be9085746b77
Content/美术/Art/02_Enemies/MutantHound/Pounce/Dir_02_Right/T_Hound_Pounce_Dir_02_Right_01.png,02_Enemies,362,254,RGBA,True,True,0,255,119789,891d9991f284d8c4e06aed0a519d0e58a64d036dca42942ac0527ad3500f3076
Content/美术/Art/02_Enemies/MutantHound/Pounce/Dir_02_Right/T_Hound_Pounce_Dir_02_Right_02.png,02_Enemies,362,254,RGBA,True,True,0,255,108432,184c57d1041671efa53c573e92dbbb681b09bd66d22518c55f5402b0c1a9d838
Content/美术/Art/02_Enemies/MutantHound/Pounce/Dir_02_Right/T_Hound_Pounce_Dir_02_Right_03.png,02_Enemies,362,254,RGBA,True,True,0,255,113600,0c2a090a39fa96609c309922e9d34bcfce3e47c9b69551252b4e8aeadc955b9f
Content/美术/Art/02_Enemies/MutantHound/Pounce/Dir_02_Right/T_Hound_Pounce_Dir_02_Right_04.png,02_Enemies,362,254,RGBA,True,True,0,255,115215,0469f9e1da9a7184d83846ebeda4cfbd279f3dd313914a70c5a0ad43f3ec89b9
Content/美术/Art/02_Enemies/MutantHound/Pounce/Dir_02_Right/T_Hound_Pounce_Dir_02_Right_Sheet.png,02_Enemies,1448,254,RGBA,True,True,0,255,446610,247eede0db087b8ab0181c3e1ada6bdcfdffbbd985ea7c9613cc2769ed76f556
Content/美术/Art/02_Enemies/MutantHound/Pounce/Dir_03_Up/T_Hound_Pounce_Dir_03_Up_01.png,02_Enemies,224,328,RGBA,True,True,0,255,101118,9f11c495911c4696406536d89c91721384b5e2761690ee73143bbd56971b9d7c
Content/美术/Art/02_Enemies/MutantHound/Pounce/Dir_03_Up/T_Hound_Pounce_Dir_03_Up_02.png,02_Enemies,224,328,RGBA,True,True,0,255,98898,a678f9f52a05680ee50cee7a295f45671ce374f3d111c5791351eb1272ac1d0a
Content/美术/Art/02_Enemies/MutantHound/Pounce/Dir_03_Up/T_Hound_Pounce_Dir_03_Up_03.png,02_Enemies,224,328,RGBA,True,True,0,255,93943,71457bf9ac08a4417374fc09dcb2969ae67ec875a5aa5f97948f339863f75bc0
Content/美术/Art/02_Enemies/MutantHound/Pounce/Dir_03_Up/T_Hound_Pounce_Dir_03_Up_04.png,02_Enemies,224,328,RGBA,True,True,0,255,104965,94a8e16180010e6cfad338cc1fb4904176bc3788d3fff629714661a33b0846cd
Content/美术/Art/02_Enemies/MutantHound/Pounce/Dir_03_Up/T_Hound_Pounce_Dir_03_Up_Sheet.png,02_Enemies,896,328,RGBA,True,True,0,255,390010,de963232ef833282e42fc3ae98d99606fd69c828d6aec782572ba567edd9f762
Content/美术/Art/02_Enemies/MutantHound/Pounce/Dir_04_Left/T_Hound_Pounce_Dir_04_Left_01.png,02_Enemies,360,274,RGBA,True,True,0,255,125238,18e7029265a27e71b418ff97b9a0a48d62eb0760bdd27c2a91791c0a53b4bd91
Content/美术/Art/02_Enemies/MutantHound/Pounce/Dir_04_Left/T_Hound_Pounce_Dir_04_Left_02.png,02_Enemies,360,274,RGBA,True,True,0,255,116522,46fea07d2f29f629812e5033f2724afb7927034e40df184a93a7fdf48e22837d
Content/美术/Art/02_Enemies/MutantHound/Pounce/Dir_04_Left/T_Hound_Pounce_Dir_04_Left_03.png,02_Enemies,360,274,RGBA,True,True,0,255,115726,120ecb8eeed6e64c04b77198514e7873ac2bcf4c7a54f40e21955911081b8734
Content/美术/Art/02_Enemies/MutantHound/Pounce/Dir_04_Left/T_Hound_Pounce_Dir_04_Left_04.png,02_Enemies,360,274,RGBA,True,True,0,255,127727,ad1b0fb6b47d59c71c145df1d81b0d60f72d851a724f8a04718a41eaaa7420a2
Content/美术/Art/02_Enemies/MutantHound/Pounce/Dir_04_Left/T_Hound_Pounce_Dir_04_Left_Sheet.png,02_Enemies,1440,274,RGBA,True,True,0,255,474713,265e13dc400cad66dd0fbc88c581b9d9763e3b6c13754bdda48e079e129b7d3c
Content/美术/Art/02_Enemies/MutantHound/Run/Dir_01_Down/T_Hound_Run_Dir_01_Down_01.png,02_Enemies,295,266,RGBA,True,True,0,255,107171,fc31336e79693f4a0264b6010496d26cbec1167ba0aa9726cd48be4d4916e39d
Content/美术/Art/02_Enemies/MutantHound/Run/Dir_01_Down/T_Hound_Run_Dir_01_Down_02.png,02_Enemies,295,266,RGBA,True,True,0,255,112563,a0e4dd106579373d6089e46e2a7cfc333b64fe1fdf0c19a57a98286093232de8
Content/美术/Art/02_Enemies/MutantHound/Run/Dir_01_Down/T_Hound_Run_Dir_01_Down_03.png,02_Enemies,295,266,RGBA,True,True,0,255,113166,871ffdd4a9651e62c7331ccb2b2acc0d0e8fb0a17e54a7034caf674126531654
Content/美术/Art/02_Enemies/MutantHound/Run/Dir_01_Down/T_Hound_Run_Dir_01_Down_04.png,02_Enemies,295,266,RGBA,True,True,0,255,108780,35936bd6563fb7b3d0fc8ccf92e1ba3d33e304eca7f88c59b1ff78d824f095f5
Content/美术/Art/02_Enemies/MutantHound/Run/Dir_01_Down/T_Hound_Run_Dir_01_Down_Sheet.png,02_Enemies,1180,266,RGBA,True,True,0,255,432473,61d2cea074328017459077125b40c865678a1ab69d10ef63a967ae883216d00a
Content/美术/Art/02_Enemies/MutantHound/Run/Dir_02_Right/T_Hound_Run_Dir_02_Right_01.png,02_Enemies,314,244,RGBA,True,True,0,255,110672,70409760b684bd0c11c3e4ebf81c4bb2dd0ee82eb87bbb7426c67538b80e69c7
Content/美术/Art/02_Enemies/MutantHound/Run/Dir_02_Right/T_Hound_Run_Dir_02_Right_02.png,02_Enemies,314,244,RGBA,True,True,0,255,111579,59a1b9f429f9ec6e3d8e9685dda6242085642ca7426a1505f6883bf7a5efa4e2
Content/美术/Art/02_Enemies/MutantHound/Run/Dir_02_Right/T_Hound_Run_Dir_02_Right_03.png,02_Enemies,314,244,RGBA,True,True,0,255,111796,5ed5998400b95d3acad5fabb8667e6e2d99c598c8eb84f79c960b6a0b9f0eb22
Content/美术/Art/02_Enemies/MutantHound/Run/Dir_02_Right/T_Hound_Run_Dir_02_Right_04.png,02_Enemies,314,244,RGBA,True,True,0,255,111355,b5110c7ef172d9f7b95de66bbbec3946776076ead8615ccdf1d38725000a4812
Content/美术/Art/02_Enemies/MutantHound/Run/Dir_02_Right/T_Hound_Run_Dir_02_Right_Sheet.png,02_Enemies,1256,244,RGBA,True,True,0,255,435553,89fc476f2f836914b4f188312ff0619b568bc42680c8ac07f0791d7f5ce88e73
Content/美术/Art/02_Enemies/MutantHound/Run/Dir_03_Up/T_Hound_Run_Dir_03_Up_01.png,02_Enemies,304,260,RGBA,True,True,0,255,102816,530c45e3159c923104a87c072a6918ce77c0702d201b5bc91ab0317259642248
Content/美术/Art/02_Enemies/MutantHound/Run/Dir_03_Up/T_Hound_Run_Dir_03_Up_02.png,02_Enemies,304,260,RGBA,True,True,0,255,103000,1b3ede5d68871dd13f0dd5e77d538126c849722b006efc4a002de8679b276bd4
Content/美术/Art/02_Enemies/MutantHound/Run/Dir_03_Up/T_Hound_Run_Dir_03_Up_03.png,02_Enemies,304,260,RGBA,True,True,0,255,99154,285563f9b8cb0674a154ba57e668c061918295005331f02c09874bf3dbf7c059
Content/美术/Art/02_Enemies/MutantHound/Run/Dir_03_Up/T_Hound_Run_Dir_03_Up_04.png,02_Enemies,304,260,RGBA,True,True,0,255,99041,97251411f9ee3d0bd41c363998e6e3fbf77e6a211be73a7634e415891ef42ec9
Content/美术/Art/02_Enemies/MutantHound/Run/Dir_03_Up/T_Hound_Run_Dir_03_Up_Sheet.png,02_Enemies,1216,260,RGBA,True,True,0,255,394696,e098eea9c6a6cb37b1d157c5aa0a67c879afe0b43da1e479ed25f9d250c94b1e
Content/美术/Art/02_Enemies/MutantHound/Run/Dir_04_Left/T_Hound_Run_Dir_04_Left_01.png,02_Enemies,318,255,RGBA,True,True,0,255,117949,72ad4a1bf93fc32ef97b42873c13ee03375e7ef047d513bb6c07f7e0eb84ec37
Content/美术/Art/02_Enemies/MutantHound/Run/Dir_04_Left/T_Hound_Run_Dir_04_Left_02.png,02_Enemies,318,255,RGBA,True,True,0,255,117109,63b7e5c889a7ede021733ddd9444cd3273fef3215b287ef1939e1f0d0b154ebb
Content/美术/Art/02_Enemies/MutantHound/Run/Dir_04_Left/T_Hound_Run_Dir_04_Left_03.png,02_Enemies,318,255,RGBA,True,True,0,255,115890,9c7198c7cb9a2ed3d26e28a45e9bd3488ceda601358d9effe09939d344612e70
Content/美术/Art/02_Enemies/MutantHound/Run/Dir_04_Left/T_Hound_Run_Dir_04_Left_04.png,02_Enemies,318,255,RGBA,True,True,0,255,115266,824ba7285b9ea891173008e0e95b7075a77cf771379785cf7d634f06685feda3
Content/美术/Art/02_Enemies/MutantHound/Run/Dir_04_Left/T_Hound_Run_Dir_04_Left_Sheet.png,02_Enemies,1272,255,RGBA,True,True,0,255,455809,f4079efb2e57d84e64a0a2d50a7771a8be731769b9bf9f6f2c4152092d92aef8
Content/美术/Art/02_Enemies/Zombie/01_Zombie_Walker_Basic/T_Zombie_WalkerBasic_01.png,02_Enemies,325,435,RGBA,True,True,0,255,195367,b40d0d465e552648521cc7cf55e1b6dc6e6ef55fbde2f42fd89aad3e435dc678
Content/美术/Art/02_Enemies/Zombie/01_Zombie_Walker_Basic/T_Zombie_WalkerBasic_02.png,02_Enemies,325,435,RGBA,True,True,0,255,176969,05233f43db483c9c505d5e3923456d5d93f924ca87dfff94d3e493f9c3d0dbd6
Content/美术/Art/02_Enemies/Zombie/01_Zombie_Walker_Basic/T_Zombie_WalkerBasic_03.png,02_Enemies,325,435,RGBA,True,True,0,255,192497,0ae7e024d05b1cb6ef07a6f425dd730ba77e671a9cd9413baa4719f357eb0005
Content/美术/Art/02_Enemies/Zombie/01_Zombie_Walker_Basic/T_Zombie_WalkerBasic_04.png,02_Enemies,325,435,RGBA,True,True,0,255,182949,8ab832a4b5eacf92fdc2e091c2bb393c07151f3cf7ae75837b94cf25ba7b5190
Content/美术/Art/02_Enemies/Zombie/01_Zombie_Walker_Basic/T_Zombie_WalkerBasic_Sheet.png,02_Enemies,1300,435,RGBA,True,True,0,255,735273,193e7df774cd245343342213185f445c5d332b0b9332c27c8aa1e041c5c902ba
Content/美术/Art/02_Enemies/Zombie/02_Zombie_Crawler_Low/T_Zombie_CrawlerLow_01.png,02_Enemies,364,422,RGBA,True,True,0,255,173704,b9ebf339ffd8076f39d93d11f2396dedae003840b9ef370e2430d51f4e1e95c3
Content/美术/Art/02_Enemies/Zombie/02_Zombie_Crawler_Low/T_Zombie_CrawlerLow_02.png,02_Enemies,364,422,RGBA,True,True,0,255,160202,e30ce5bb683058e0bfe3061f24a926cc5b8227ca40fc47f1ee8909a8a4450f0c
Content/美术/Art/02_Enemies/Zombie/02_Zombie_Crawler_Low/T_Zombie_CrawlerLow_03.png,02_Enemies,364,422,RGBA,True,True,0,255,172311,d7eab5cfbabd45c47494ff98f32e18c0d5d9c1447a569d970d61e83d71c96351
Content/美术/Art/02_Enemies/Zombie/02_Zombie_Crawler_Low/T_Zombie_CrawlerLow_04.png,02_Enemies,364,422,RGBA,True,True,0,255,177474,6f1b672453ea47044a309b7217cb160af8d5768dc4aae7136a0856587340f2d3
Content/美术/Art/02_Enemies/Zombie/02_Zombie_Crawler_Low/T_Zombie_CrawlerLow_Sheet.png,02_Enemies,1456,422,RGBA,True,True,0,255,673093,18db6bd36eac6faf853d261d92f745c46feed14fe653db25eecd3c4ea08a3a46
Content/美术/Art/02_Enemies/Zombie/03_Zombie_Infected_Civilian/T_Zombie_InfectedCiv_01.png,02_Enemies,308,458,RGBA,True,True,0,255,200122,d18fdbabaaa6441d5769749770008f988d06a1e90ec3c205e113c99d9ccfb220
Content/美术/Art/02_Enemies/Zombie/03_Zombie_Infected_Civilian/T_Zombie_InfectedCiv_02.png,02_Enemies,308,458,RGBA,True,True,0,255,191959,dd5776e9c8822d7ac5e53319de8ee3850fbaf99352c16b070209634344efe2d2
Content/美术/Art/02_Enemies/Zombie/03_Zombie_Infected_Civilian/T_Zombie_InfectedCiv_03.png,02_Enemies,308,458,RGBA,True,True,0,255,188809,83229ae5e8daf7de49434f34adac05a02ac6c780791d3a4fb821a307f1290f34
Content/美术/Art/02_Enemies/Zombie/03_Zombie_Infected_Civilian/T_Zombie_InfectedCiv_04.png,02_Enemies,308,458,RGBA,True,True,0,255,194806,dd7e01a9eb3a1e01e74059368f2839d3c99926468acc541d77c175e8080754da
Content/美术/Art/02_Enemies/Zombie/03_Zombie_Infected_Civilian/T_Zombie_InfectedCiv_Sheet.png,02_Enemies,1232,458,RGBA,True,True,0,255,761510,98971c3ce16f43baae0eb43e72cc5e9163819dd7bfa97ce53754fd6664725830
Content/美术/Art/02_Enemies/Zombie/04_Zombie_Spitter_Minor/T_Zombie_SpitterMinor_01.png,02_Enemies,339,416,RGBA,True,True,0,255,170502,06c8f35309b79c0985c6783711e78e4f298bc6d6bd0d0d2d8a9265bd2b899dd5
Content/美术/Art/02_Enemies/Zombie/04_Zombie_Spitter_Minor/T_Zombie_SpitterMinor_02.png,02_Enemies,339,416,RGBA,True,True,0,255,161931,b9acbbc6d0a14c962799b20e5137b22c900f7e3407a0da1fe0008902e8bcb262
Content/美术/Art/02_Enemies/Zombie/04_Zombie_Spitter_Minor/T_Zombie_SpitterMinor_03.png,02_Enemies,339,416,RGBA,True,True,0,255,165571,ed16a176f45041db3eb7adf5ded8d9973edf02c88d71225e8eeed11248719d54
Content/美术/Art/02_Enemies/Zombie/04_Zombie_Spitter_Minor/T_Zombie_SpitterMinor_04.png,02_Enemies,339,416,RGBA,True,True,0,255,172133,49a1506689c656304a15d57fac899e12e3306b87f513b4d7a468ab6d7d523367
Content/美术/Art/02_Enemies/Zombie/04_Zombie_Spitter_Minor/T_Zombie_SpitterMinor_Sheet.png,02_Enemies,1356,416,RGBA,True,True,0,255,657055,b889b400838f428710a52c2a04d84725d20346e94f5f886cf42c493622a1c0e5
Content/美术/Art/02_Enemies/Zombie/05_Zombie_Runner_Agile/T_Zombie_RunnerAgile_01.png,02_Enemies,334,436,RGBA,True,True,0,255,204682,a4dca17c935f9fd098a8fb310e312c8ba53f6a105b1531b47868d43f069a6e90
Content/美术/Art/02_Enemies/Zombie/05_Zombie_Runner_Agile/T_Zombie_RunnerAgile_02.png,02_Enemies,334,436,RGBA,True,True,0,255,203874,41008ebd9665794f905b58d2ec266e8d490b06f04c6e6b65b2f46936d4fc5bf8
Content/美术/Art/02_Enemies/Zombie/05_Zombie_Runner_Agile/T_Zombie_RunnerAgile_03.png,02_Enemies,334,436,RGBA,True,True,0,255,200926,266b7afe71261bf26133f2adccc4379febf2955f674d0bdf26bada4d8803e159
Content/美术/Art/02_Enemies/Zombie/05_Zombie_Runner_Agile/T_Zombie_RunnerAgile_04.png,02_Enemies,334,436,RGBA,True,True,0,255,192062,6c8a297b660d1876d73dd09662c94e2f0cfb3af7bcba9fa58a4efcfa24f15489
Content/美术/Art/02_Enemies/Zombie/05_Zombie_Runner_Agile/T_Zombie_RunnerAgile_Sheet.png,02_Enemies,1336,436,RGBA,True,True,0,255,788554,03e376b9aa05f1e7a1be8e9555f7d31fe45449755e9c5fbe734510a2a384c141
Content/美术/Art/02_Enemies/Zombie/06_Zombie_Bloater_Minor/T_Zombie_BloaterMinor_01.png,02_Enemies,367,415,RGBA,True,True,0,255,172182,c5b71fee5846e71f963ac110499ef0a92c2a00a0b7024c9fe0a0a6d1caf85dda
Content/美术/Art/02_Enemies/Zombie/06_Zombie_Bloater_Minor/T_Zombie_BloaterMinor_02.png,02_Enemies,367,415,RGBA,True,True,0,255,182758,bbef7158cc23105e18794430621f22f859347918f77e07140ce5cf473c7a71b4
Content/美术/Art/02_Enemies/Zombie/06_Zombie_Bloater_Minor/T_Zombie_BloaterMinor_03.png,02_Enemies,367,415,RGBA,True,True,0,255,167356,ba29ade04972f2c53992b20dfb88051c076dba0440c6c9ed2ca4ad1dfa9b7fc7
Content/美术/Art/02_Enemies/Zombie/06_Zombie_Bloater_Minor/T_Zombie_BloaterMinor_04.png,02_Enemies,367,415,RGBA,True,True,0,255,178581,9cdc632f946a5d65d0dfb93de72d08219511303ffa500dba5f478157b7a5679e
Content/美术/Art/02_Enemies/Zombie/06_Zombie_Bloater_Minor/T_Zombie_BloaterMinor_Sheet.png,02_Enemies,1468,415,RGBA,True,True,0,255,688895,e212f9a420a41e70fdb208ab0fc213fde3182181715382efe1f9af206e15fad8
Content/美术/Art/02_Enemies/Zombie/07_Zombie_Armored_Guard/T_Zombie_ArmoredGuard_01.png,02_Enemies,313,434,RGBA,True,True,0,255,194131,72691ac46b346188e0d5ddd30bc352ac38fe5212fe4867fd559d81da5e9bd206
Content/美术/Art/02_Enemies/Zombie/07_Zombie_Armored_Guard/T_Zombie_ArmoredGuard_02.png,02_Enemies,313,434,RGBA,True,True,0,255,190708,5ca64b6d7c21eac79a36bb3467f23ae2a748acb15318e3deefae72c09082883c
Content/美术/Art/02_Enemies/Zombie/07_Zombie_Armored_Guard/T_Zombie_ArmoredGuard_03.png,02_Enemies,313,434,RGBA,True,True,0,255,182681,5291bf4e1e0525a974d6c8ae15c2d9fd3209ea5d6929306ed79706c295b19d34
Content/美术/Art/02_Enemies/Zombie/07_Zombie_Armored_Guard/T_Zombie_ArmoredGuard_04.png,02_Enemies,313,434,RGBA,True,True,0,255,178947,dd2428fa70515df7474f961329d11359975c9444070bf74d09a096288cb529fe
Content/美术/Art/02_Enemies/Zombie/07_Zombie_Armored_Guard/T_Zombie_ArmoredGuard_Sheet.png,02_Enemies,1252,434,RGBA,True,True,0,255,732777,58e5b8d472987795c117fa3628c481f5046ed958c38376fd500d69f0251ba853
Content/美术/Art/02_Enemies/Zombie/08_Zombie_Acid_Carrier/T_Zombie_AcidCarrier_01.png,02_Enemies,324,417,RGBA,True,True,0,255,148017,b9cf50d0efb994382f3cfe44416e16930c3f5d8facf995e661c40e8e7c86c070
Content/美术/Art/02_Enemies/Zombie/08_Zombie_Acid_Carrier/T_Zombie_AcidCarrier_02.png,02_Enemies,324,417,RGBA,True,True,0,255,165512,a03e18399806c49960e5688cf0060fbd5653fd8f5b92f37eddb35875defa52f3
Content/美术/Art/02_Enemies/Zombie/08_Zombie_Acid_Carrier/T_Zombie_AcidCarrier_03.png,02_Enemies,324,417,RGBA,True,True,0,255,153592,88901a6c22e6134bcae8a3c3a4e15ecea85121d39fe0eb36ae3152874374b1c6
Content/美术/Art/02_Enemies/Zombie/08_Zombie_Acid_Carrier/T_Zombie_AcidCarrier_04.png,02_Enemies,324,417,RGBA,True,True,0,255,148035,fab1041a6ab259264d94d43c9537942e443001b62d50fa4ef894657a76bad194
Content/美术/Art/02_Enemies/Zombie/08_Zombie_Acid_Carrier/T_Zombie_AcidCarrier_Sheet.png,02_Enemies,1296,417,RGBA,True,True,0,255,604049,365e92a1b10a5db6630e66f67d2b860f1e7ca164fbd44a32fbf0e27b2c1dca80
Content/美术/Art/02_Enemies/Zombie/09_Zombie_Husk_Dried/T_Zombie_HuskDried_01.png,02_Enemies,303,439,RGBA,True,True,0,255,168112,5c46c1d99e3af6f159ada23cc01f55b7dd11fbd483d1028bcea59204cee2207a
Content/美术/Art/02_Enemies/Zombie/09_Zombie_Husk_Dried/T_Zombie_HuskDried_02.png,02_Enemies,303,439,RGBA,True,True,0,255,175397,08c4e27a3ff5426ec4e3a0eb649f1bae65fb3e96008701d07573d94d214518ea
Content/美术/Art/02_Enemies/Zombie/09_Zombie_Husk_Dried/T_Zombie_HuskDried_03.png,02_Enemies,303,439,RGBA,True,True,0,255,169854,3635de9d75bd04de315e05d857c3d0231024638b518c37a91dff95ca8d8e4b89
Content/美术/Art/02_Enemies/Zombie/09_Zombie_Husk_Dried/T_Zombie_HuskDried_04.png,02_Enemies,303,439,RGBA,True,True,0,255,159799,1cbc2a1bc0e89e9724afe433717c00e20f3ba67164f5c1100fabd1d43b40af2d
Content/美术/Art/02_Enemies/Zombie/09_Zombie_Husk_Dried/T_Zombie_HuskDried_Sheet.png,02_Enemies,1212,439,RGBA,True,True,0,255,660401,26019c64720ebd01b3176b9bad2261e414a1ed0726e3d7fb76eef082f6a445c8
Content/美术/Art/02_Enemies/Zombie/10_Zombie_Leaper_Small/T_Zombie_LeaperSmall_01.png,02_Enemies,313,411,RGBA,True,True,0,255,133377,b1c553637f245b11c34eb45296765dd847a07bc929710f64dd74a446ffad7b07
Content/美术/Art/02_Enemies/Zombie/10_Zombie_Leaper_Small/T_Zombie_LeaperSmall_02.png,02_Enemies,313,411,RGBA,True,True,0,255,130085,a68722247da4f00ff24f6dc4f260cf63e63daf4e895d32ef016d8fca767dc61b
Content/美术/Art/02_Enemies/Zombie/10_Zombie_Leaper_Small/T_Zombie_LeaperSmall_03.png,02_Enemies,313,411,RGBA,True,True,0,255,125945,a53047aae6313b52e7fa3feb92dea38c007e92285846cc332f16df3b0bc3a211
Content/美术/Art/02_Enemies/Zombie/10_Zombie_Leaper_Small/T_Zombie_LeaperSmall_04.png,02_Enemies,313,411,RGBA,True,True,0,255,139775,14fa93153f0b7aefa74e6210d6a517aa6eb8e6a8e073ac306a49f5ff35b2d116
Content/美术/Art/02_Enemies/Zombie/10_Zombie_Leaper_Small/T_Zombie_LeaperSmall_Sheet.png,02_Enemies,1252,411,RGBA,True,True,0,255,518914,bfbcd7d070647a8928bd8ff35e84129cd8c8d8f0aa3d2525ffa99ef3a9c0dfb2
Content/美术/Art/02_Enemies/Zombie/11_Zombie_Shambler_Heavy/T_Zombie_ShamblerHeavy_01.png,02_Enemies,340,420,RGBA,True,True,0,255,183682,083f1557a18243a98075bc050f542eb1a03c04a9d18a454c1ebe5150308b13a1
Content/美术/Art/02_Enemies/Zombie/11_Zombie_Shambler_Heavy/T_Zombie_ShamblerHeavy_02.png,02_Enemies,340,420,RGBA,True,True,0,255,179123,f48e4062e43eb27a9ead14bb33c5d7c175d4f5aaa994e10b51727e1f509bca72
Content/美术/Art/02_Enemies/Zombie/11_Zombie_Shambler_Heavy/T_Zombie_ShamblerHeavy_03.png,02_Enemies,340,420,RGBA,True,True,0,255,181180,46b43fb1e6433a8d742f6ab55e15532dfda434f35a9d951fc4297030a98efd7a
Content/美术/Art/02_Enemies/Zombie/11_Zombie_Shambler_Heavy/T_Zombie_ShamblerHeavy_04.png,02_Enemies,340,420,RGBA,True,True,0,255,168563,384d1f69d1ecf7e5952c1149edb9d665a0847d230317b72f79104227d49e24f9
Content/美术/Art/02_Enemies/Zombie/11_Zombie_Shambler_Heavy/T_Zombie_ShamblerHeavy_Sheet.png,02_Enemies,1360,420,RGBA,True,True,0,255,698084,43fd2390879d15d494b5b888cf2a682ffb0790ba76b4ad7b75b12aaf2d80405e
Content/美术/Art/02_Enemies/Zombie/12_Zombie_Corrosive_Spawn/T_Zombie_CorrosiveSpawn_01.png,02_Enemies,310,402,RGBA,True,True,0,255,154974,3f1b0ac71177e2513bafd508b495ff9f625849508a4b7597ae3f61ca9c841382
Content/美术/Art/02_Enemies/Zombie/12_Zombie_Corrosive_Spawn/T_Zombie_CorrosiveSpawn_02.png,02_Enemies,310,402,RGBA,True,True,0,255,155792,240162ea2b2668cf39f38e164029eb6467f74fc825e88da26bb92862ba22dbac
Content/美术/Art/02_Enemies/Zombie/12_Zombie_Corrosive_Spawn/T_Zombie_CorrosiveSpawn_03.png,02_Enemies,310,402,RGBA,True,True,0,255,153998,0280a7dc5864ef655e1306222ea0c9ba1347955639f7e737ced4e094f36e6ddc
Content/美术/Art/02_Enemies/Zombie/12_Zombie_Corrosive_Spawn/T_Zombie_CorrosiveSpawn_04.png,02_Enemies,310,402,RGBA,True,True,0,255,159054,f23aced0de28370623b51ddba30555295b7c945968091b571698bc265222c4d1
Content/美术/Art/02_Enemies/Zombie/12_Zombie_Corrosive_Spawn/T_Zombie_CorrosiveSpawn_Sheet.png,02_Enemies,1240,402,RGBA,True,True,0,255,612009,d2e054881fcbb1cd8582e86432f60ab7a3749012e745509a44ebcdd2cda3f84c
Content/美术/Art/02_Enemies/Zombie/13_Zombie_Flesh_Stalker/T_Zombie_FleshStalker_01.png,02_Enemies,328,448,RGBA,True,True,0,255,191226,75c674c77277bf9e943937a0ead074cab7112b1d9df4eb08f335e2c0974e8788
Content/美术/Art/02_Enemies/Zombie/13_Zombie_Flesh_Stalker/T_Zombie_FleshStalker_02.png,02_Enemies,328,448,RGBA,True,True,0,255,192360,5a43d3d161b9229ee87348198c11a38c872b7a387afa2140e0d9d278c676d544
Content/美术/Art/02_Enemies/Zombie/13_Zombie_Flesh_Stalker/T_Zombie_FleshStalker_03.png,02_Enemies,328,448,RGBA,True,True,0,255,179578,aa73834a2f5b1d599f2a0488c7a1ad48b0569a95ad31dadbc533c464eb515c47
Content/美术/Art/02_Enemies/Zombie/13_Zombie_Flesh_Stalker/T_Zombie_FleshStalker_04.png,02_Enemies,328,448,RGBA,True,True,0,255,180408,5ee3ef05d23216a097ba3a3c1a869c0be8f769ca97ce605f9d6c5901a4b5b374
Content/美术/Art/02_Enemies/Zombie/13_Zombie_Flesh_Stalker/T_Zombie_FleshStalker_Sheet.png,02_Enemies,1312,448,RGBA,True,True,0,255,729119,2c5ee974e009771160bfd33793f506628094ae27bccf5ffdb4d5880105dd5013
Content/美术/Art/02_Enemies/Zombie/14_Zombie_Decayed_Worker/T_Zombie_DecayedWorker_01.png,02_Enemies,332,440,RGBA,True,True,0,255,168516,bbf1e1c3871e3d33d32c3e077c88f2b8d61151e0d2edc1182cb5c51e942fa48a
Content/美术/Art/02_Enemies/Zombie/14_Zombie_Decayed_Worker/T_Zombie_DecayedWorker_02.png,02_Enemies,332,440,RGBA,True,True,0,255,169785,b8c0ce9b72d74a00cca596c4104e6a90f47c00f2d5ad77cdc74d8c0efc2e8946
Content/美术/Art/02_Enemies/Zombie/14_Zombie_Decayed_Worker/T_Zombie_DecayedWorker_03.png,02_Enemies,332,440,RGBA,True,True,0,255,173689,ad61434a42c0b91d9f7f9939c50e6e1ff60bba974f53d98ee25c0c41f218d690
Content/美术/Art/02_Enemies/Zombie/14_Zombie_Decayed_Worker/T_Zombie_DecayedWorker_04.png,02_Enemies,332,440,RGBA,True,True,0,255,171689,6efb617cd3f01bcd2679066b1e53c7b9203bff3bf58e2e03e87af335bf039ab6
Content/美术/Art/02_Enemies/Zombie/14_Zombie_Decayed_Worker/T_Zombie_DecayedWorker_Sheet.png,02_Enemies,1328,440,RGBA,True,True,0,255,670448,e01082079423cffedad7a3752150cd69fb45503c35d0284824c344108fa5ec58
Content/美术/Art/02_Enemies/Zombie/15_Zombie_Mutated_Ghouls/T_Zombie_MutatedGhouls_01.png,02_Enemies,322,419,RGBA,True,True,0,255,169034,70d7c1da8b54b15fd51d16243d60d9bbeb3671bae11f5c27b4c315cadcc86a08
Content/美术/Art/02_Enemies/Zombie/15_Zombie_Mutated_Ghouls/T_Zombie_MutatedGhouls_02.png,02_Enemies,322,419,RGBA,True,True,0,255,171925,a1575733cc2dedda2a14554695466eaf04a17e3fd5ad2405573c85f04fb47b3d
Content/美术/Art/02_Enemies/Zombie/15_Zombie_Mutated_Ghouls/T_Zombie_MutatedGhouls_03.png,02_Enemies,322,419,RGBA,True,True,0,255,169933,6004ab80374a5d72de5dc1411925489b8a0b171f79b00e871c950345b093d90c
Content/美术/Art/02_Enemies/Zombie/15_Zombie_Mutated_Ghouls/T_Zombie_MutatedGhouls_04.png,02_Enemies,322,419,RGBA,True,True,0,255,179413,1f8c4d37cf4fbfcde31159d44645e9ee4004966278e80ad65a4da3fac4a3a75e
Content/美术/Art/02_Enemies/Zombie/15_Zombie_Mutated_Ghouls/T_Zombie_MutatedGhouls_Sheet.png,02_Enemies,1288,419,RGBA,True,True,0,255,676964,1842a4cf3a68c59817786d0ee41c199465e58dd2a47e884c4998d2357284636e
Content/美术/Art/02_Enemies/Zombie/16_Zombie_Toxic_Walker/T_Zombie_ToxicWalker_01.png,02_Enemies,337,389,RGBA,True,True,0,255,146048,048da988fdb6697922f1ece4e7c763ddf94eb63d620b6e8125667d966b5f8591
Content/美术/Art/02_Enemies/Zombie/16_Zombie_Toxic_Walker/T_Zombie_ToxicWalker_02.png,02_Enemies,337,389,RGBA,True,True,0,255,146641,fe8b1337f3dd5c51bc573dad8237e1a91d6905263b29e313c4a2b57ce2fe9b18
Content/美术/Art/02_Enemies/Zombie/16_Zombie_Toxic_Walker/T_Zombie_ToxicWalker_03.png,02_Enemies,337,389,RGBA,True,True,0,255,153196,7daab8a135b146062677dbfed80018424456e04891994ac48b651804a53140a6
Content/美术/Art/02_Enemies/Zombie/16_Zombie_Toxic_Walker/T_Zombie_ToxicWalker_04.png,02_Enemies,337,389,RGBA,True,True,0,255,144088,066d12e26a789727a495f0990dda6506542c282ac6b69da5acc292dd089eb45a
Content/美术/Art/02_Enemies/Zombie/16_Zombie_Toxic_Walker/T_Zombie_ToxicWalker_Sheet.png,02_Enemies,1348,389,RGBA,True,True,0,255,578343,a455e9fce1c52b9f1639552d0df5f5421aa5c7ac3b3a975f2464aab9e8328328
Content/美术/Art/02_Enemies/Zombie/17_Zombie_Subterranean_Burrower/T_Zombie_Burrower_01.png,02_Enemies,340,443,RGBA,True,True,0,255,204778,885496d680f30ad5a3f06c9d8bf58543a2cd4e4cd3a439f96e7f06c79a55acc0
Content/美术/Art/02_Enemies/Zombie/17_Zombie_Subterranean_Burrower/T_Zombie_Burrower_02.png,02_Enemies,340,443,RGBA,True,True,0,255,198351,f46aee14896c76edae861c148ad48568a356f0ba658ee070e56ea5e616829800
Content/美术/Art/02_Enemies/Zombie/17_Zombie_Subterranean_Burrower/T_Zombie_Burrower_03.png,02_Enemies,340,443,RGBA,True,True,0,255,192365,092b428f48c5c18518657279edddd6b05d38c9666333d53965a0a8134cd48504
Content/美术/Art/02_Enemies/Zombie/17_Zombie_Subterranean_Burrower/T_Zombie_Burrower_04.png,02_Enemies,340,443,RGBA,True,True,0,255,202666,8c4e7fe860aae4b3e8582e8c638e23850d5462058e909f1f9316ec588d3d9b93
Content/美术/Art/02_Enemies/Zombie/17_Zombie_Subterranean_Burrower/T_Zombie_Burrower_Sheet.png,02_Enemies,1360,443,RGBA,True,True,0,255,781656,15a507401024dcc7a2957be5f732625368c95ebf769cb459cc44698285966b71
Content/美术/Art/02_Enemies/Zombie/18_Zombie_Berserk_Thrall/T_Zombie_BerserkThrall_01.png,02_Enemies,345,424,RGBA,True,True,0,255,161467,4deda5c07b18ab8ee1100444c7ceacd61bc9b7045dba40f293e7197ba87cc725
Content/美术/Art/02_Enemies/Zombie/18_Zombie_Berserk_Thrall/T_Zombie_BerserkThrall_02.png,02_Enemies,345,424,RGBA,True,True,0,255,170414,080fe2de3f48c55e0e3ada0785083f92cb0a7fa0f47c570a87582aea5426c865
Content/美术/Art/02_Enemies/Zombie/18_Zombie_Berserk_Thrall/T_Zombie_BerserkThrall_03.png,02_Enemies,345,424,RGBA,True,True,0,255,170998,91f35e7bdbf32135e9b3e86dc9722e5c96180e56477a7a774c885d11ad551976
Content/美术/Art/02_Enemies/Zombie/18_Zombie_Berserk_Thrall/T_Zombie_BerserkThrall_04.png,02_Enemies,345,424,RGBA,True,True,0,255,172690,9791b3733146071f56bfdbf98031e90b2fb5a459867d7cb5495233bfea644a17
Content/美术/Art/02_Enemies/Zombie/18_Zombie_Berserk_Thrall/T_Zombie_BerserkThrall_Sheet.png,02_Enemies,1380,424,RGBA,True,True,0,255,661623,78e27311a8bbb974d79592eaeae334239239f59f906bdf39b10022462ffd9d01
Content/美术/Art/03_Weapons/01_KineticPistol/T_Bullet_KineticPistol_01_Muzzle.png,03_Weapons,637,180,RGBA,True,True,0,253,76074,26d245100b24586f26ab86a502fc28258200fe627ba842425dc6d1c6a16398cd
Content/美术/Art/03_Weapons/01_KineticPistol/T_Bullet_KineticPistol_02_Flight.png,03_Weapons,637,180,RGBA,True,True,0,253,101429,c1d81a45767577c3af7b39f1aadd961daff0b085520a20382570ecef8e74bd7e
Content/美术/Art/03_Weapons/01_KineticPistol/T_Bullet_KineticPistol_03_Impact.png,03_Weapons,637,180,RGBA,True,True,0,255,134205,b15e4780da7843089b5c53a431495e9da528337775091171495ec0b29615c613
Content/美术/Art/03_Weapons/01_KineticPistol/T_Bullet_KineticPistol_Sheet.png,03_Weapons,1911,180,RGBA,True,True,0,255,276435,17bd24d5c97b408cbd197b1247b6c292facdd2c0e50180e27c7134777c58ab70
Content/美术/Art/03_Weapons/02_AssaultRifle/T_Bullet_AssaultRifle_01_Muzzle.png,03_Weapons,557,300,RGBA,True,True,0,255,212816,005b5404a44b5dc74c92f27c74f5b1c3e2a627c45753f23fac344088676d7f6d
Content/美术/Art/03_Weapons/02_AssaultRifle/T_Bullet_AssaultRifle_02_Flight.png,03_Weapons,557,300,RGBA,True,True,0,255,179847,bf084e4914d806cee6c9311463fd09c21c43f8052bd815470875d3e2637215ae
Content/美术/Art/03_Weapons/02_AssaultRifle/T_Bullet_AssaultRifle_03_Impact.png,03_Weapons,557,300,RGBA,True,True,0,255,144967,284a9075d18fec778d0b683984de9d9e00e8f53f5acb7924628dd6031560242c
Content/美术/Art/03_Weapons/02_AssaultRifle/T_Bullet_AssaultRifle_Sheet.png,03_Weapons,1671,300,RGBA,True,True,0,255,527005,04c38c90daf78c5d5a828b18fc0a8ec45162024dfccfaab7d96a450e5a3c0695
Content/美术/Art/03_Weapons/03_BuckshotShotgun/T_Bullet_Buckshot_01_Muzzle.png,03_Weapons,652,381,RGBA,True,True,0,255,239574,c4a3a08bc5591d8dcd6bd4963cab2909a573b312661637e0679c6cb875480e3e
Content/美术/Art/03_Weapons/03_BuckshotShotgun/T_Bullet_Buckshot_02_Flight.png,03_Weapons,652,381,RGBA,True,True,0,255,166917,ce746abab120323373c691cfd26e46e74bcf6008efa069a6ef1ef81b245e2f13
Content/美术/Art/03_Weapons/03_BuckshotShotgun/T_Bullet_Buckshot_03_Impact.png,03_Weapons,652,381,RGBA,True,True,0,255,118459,19c3f7874fddfad7729d8b0159b3c29e49d4bbb4b62ae54cc549a69c14b8ef86
Content/美术/Art/03_Weapons/03_BuckshotShotgun/T_Bullet_Buckshot_Sheet.png,03_Weapons,1956,381,RGBA,True,True,0,255,512326,2802f8b7c4c622cea3a673ea71dffcf70e5d4df20e1f1563b1a32afeb8fd0813
Content/美术/Art/03_Weapons/04_BioAcidLauncher/T_Bullet_BioAcid_01_Muzzle.png,03_Weapons,741,387,RGBA,True,True,0,255,277375,d1f3238770eb93412242ed8ef1c2f5e26073546e17269245665a7d155d0cf5e2
Content/美术/Art/03_Weapons/04_BioAcidLauncher/T_Bullet_BioAcid_02_Flight.png,03_Weapons,741,387,RGBA,True,True,0,255,123594,19c0e4f75ca98a0616eef37e3695f846eb4e7762c19cf039c2cd3681577d7de4
Content/美术/Art/03_Weapons/04_BioAcidLauncher/T_Bullet_BioAcid_03_Impact.png,03_Weapons,741,387,RGBA,True,True,0,255,79107,5819ba7be6a92f6781b6f6d83e6af027e5bc0f920ad79fedb5fedec7f6c9e75b
Content/美术/Art/03_Weapons/04_BioAcidLauncher/T_Bullet_BioAcid_Sheet.png,03_Weapons,2223,387,RGBA,True,True,0,255,471795,9220670da92494360146c2ccf958f7b7a70c2580d8d6a99a9ea459cbd36542d4
Content/美术/Art/03_Weapons/05_ToxicSporeGun/T_Bullet_ToxicSpore_01_Muzzle.png,03_Weapons,590,354,RGBA,True,True,0,255,251592,9a6fa6f0fdb61054b7d3bb33c60c24c76d38a0e6f9e3d3f67034f3dca2993def
Content/美术/Art/03_Weapons/05_ToxicSporeGun/T_Bullet_ToxicSpore_02_Flight.png,03_Weapons,590,354,RGBA,True,True,0,255,159791,4d24cabe760b8ab6ccdf621088dea83beb1ff42fa4420aa86345663146a15ccd
Content/美术/Art/03_Weapons/05_ToxicSporeGun/T_Bullet_ToxicSpore_03_Impact.png,03_Weapons,590,354,RGBA,True,True,0,255,138791,4b1525ec73386c8de5f9c84f4ade05ef3067babc8c693171d80db3fc14fdac3f
Content/美术/Art/03_Weapons/05_ToxicSporeGun/T_Bullet_ToxicSpore_Sheet.png,03_Weapons,1770,354,RGBA,True,True,0,255,488862,fe753dc117712dd772647e1cb6be33ba5ca6a8f219e1b799b0274d7254e174d2
Content/美术/Art/03_Weapons/06_VenomMortar/T_Bullet_VenomHeavy_01_Muzzle.png,03_Weapons,675,509,RGBA,True,True,0,255,483429,34ef2f17e4970a464ff8fb22592ad0986613cccde2a522054e7032a233bce2d7
Content/美术/Art/03_Weapons/06_VenomMortar/T_Bullet_VenomHeavy_02_Flight.png,03_Weapons,675,509,RGBA,True,True,0,255,255361,2a49ad7d33907aff971ce394dbb6d6b4de3d509c2319ae9c331960c2f6d8eb02
Content/美术/Art/03_Weapons/06_VenomMortar/T_Bullet_VenomHeavy_03_Impact.png,03_Weapons,675,509,RGBA,True,True,0,255,162109,2ed29fe353af525c74b775cfbf8a513e81b6e8e58460df31c88073b3fa6f61b6
Content/美术/Art/03_Weapons/06_VenomMortar/T_Bullet_VenomHeavy_Sheet.png,03_Weapons,2025,509,RGBA,True,True,0,255,894726,677e7399fb1a76c6df8eb4af9c26d4511e4fdd3209c155ded9379ebef97079bf
Content/美术/Art/03_Weapons/07_IncendiaryRifle/T_Bullet_Incendiary_01_Muzzle.png,03_Weapons,616,369,RGBA,True,True,0,255,117673,1ab3f576441c83720877c7d782e742f907c982654fe49a054abd143a18f78c7a
Content/美术/Art/03_Weapons/07_IncendiaryRifle/T_Bullet_Incendiary_02_Flight.png,03_Weapons,616,369,RGBA,True,True,0,255,145172,c97dcb82a32614041c5ca320c2d0df4a48a658ff919b85bf0a64d0abedd4bc20
Content/美术/Art/03_Weapons/07_IncendiaryRifle/T_Bullet_Incendiary_03_Impact.png,03_Weapons,616,369,RGBA,True,True,0,255,145656,61c42df3978752d4cbe7236d2708b752f2c7d53f779236e232e87256088ce51c
Content/美术/Art/03_Weapons/07_IncendiaryRifle/T_Bullet_Incendiary_Sheet.png,03_Weapons,1848,369,RGBA,True,True,0,255,384592,b16440172ba7742ac24f0a94744c57962e36a39f3314d09af9d5a89931f6b1d2
Content/美术/Art/03_Weapons/08_PlasmaArcBlaster/T_Bullet_PlasmaArc_01_Muzzle.png,03_Weapons,921,448,RGBA,True,True,0,255,348589,d1a072b7260963c6bddd303466ce72bae5453714155b9888861e2a0552d22dba
Content/美术/Art/03_Weapons/08_PlasmaArcBlaster/T_Bullet_PlasmaArc_02_Flight.png,03_Weapons,921,448,RGBA,True,True,0,255,261711,89331c72ceeaa2a649822d425f54bf940a48169db3fd5d997a2b5fa383fa5baa
Content/美术/Art/03_Weapons/08_PlasmaArcBlaster/T_Bullet_PlasmaArc_03_Impact.png,03_Weapons,921,448,RGBA,True,True,0,255,235128,e078f146190badf6f3a98e15e5420fca1785603bc99d654abe445761190613b8
Content/美术/Art/03_Weapons/08_PlasmaArcBlaster/T_Bullet_PlasmaArc_Sheet.png,03_Weapons,2763,448,RGBA,True,True,0,255,771757,ffffd2d3d53388ec93e260567521da1131a7d0298418b5e7435eab581c43ca46
Content/美术/Art/03_Weapons/09_MicroMissileLauncher/T_Bullet_MicroMissile_01_Muzzle.png,03_Weapons,582,333,RGBA,True,True,0,255,204377,9e214135cf0b3e89a464b69c28143decb28f60aafa96b66e94e0c6701514ce36
Content/美术/Art/03_Weapons/09_MicroMissileLauncher/T_Bullet_MicroMissile_02_Flight.png,03_Weapons,582,333,RGBA,True,True,0,255,135583,4fe9eda07633e848d46d5150fcbc5c570ba2ec48e0ea3d4833184bc8dbf0c630
Content/美术/Art/03_Weapons/09_MicroMissileLauncher/T_Bullet_MicroMissile_03_Impact.png,03_Weapons,582,333,RGBA,True,True,0,255,92609,f0fb730236614ba5ed1417ebdc96d94c2022a9b38d908f9756ad783cda9163cf
Content/美术/Art/03_Weapons/09_MicroMissileLauncher/T_Bullet_MicroMissile_Sheet.png,03_Weapons,1746,333,RGBA,True,True,0,255,414452,071bcce326522b3cd67d99928043478506091ec7e0423d9c0879eee3f3770ba8
Content/美术/Art/03_Weapons/10_LaserRailgun/T_Bullet_LaserRail_01_Muzzle.png,03_Weapons,539,202,RGBA,True,True,0,253,113091,ae546bef452de74418698b796f0fb768c80541733f45b69aafba1d14206420b9
Content/美术/Art/03_Weapons/10_LaserRailgun/T_Bullet_LaserRail_02_Flight.png,03_Weapons,539,202,RGBA,True,True,0,251,85682,d8f13b3cb35400d202ad3bb7416ca39affb0fa012f0a7eeeac316cb703905d08
Content/美术/Art/03_Weapons/10_LaserRailgun/T_Bullet_LaserRail_03_Impact.png,03_Weapons,539,202,RGBA,True,True,0,251,75617,64b792db710c1e3b5cd83e8a53e520b542612bbcf7fc50f2865230c48cd30c97
Content/美术/Art/03_Weapons/10_LaserRailgun/T_Bullet_LaserRail_Sheet.png,03_Weapons,1617,202,RGBA,True,True,0,251,238484,5e1ce41fa37cbd2f28f5a4c4671a79747a67471378f7f506e83812aedae17325
Content/美术/Art/04_Props/01_RedExplosiveBarrel/T_Prop_Barrel_01_Intact.png,04_Props,923,578,RGBA,True,True,0,255,401665,7c2e931b1e8399e587e6589cf096bd398dad33c6839c4b600f0d206135631609
Content/美术/Art/04_Props/01_RedExplosiveBarrel/T_Prop_Barrel_02_Damaged.png,04_Props,923,578,RGBA,True,True,0,255,501561,9e80549d168cc1d4ec74071f4f189fc540d352d049a17de88c7b1b067e3aba38
Content/美术/Art/04_Props/01_RedExplosiveBarrel/T_Prop_Barrel_03_Destroyed.png,04_Props,923,578,RGBA,True,True,0,255,593776,2edc8967e9d255f464447884f3c82e8d250063cd60e1eadae00b5f1daaac3cae
Content/美术/Art/04_Props/01_RedExplosiveBarrel/T_Prop_Barrel_Sheet.png,04_Props,2769,578,RGBA,True,True,0,255,1498429,6aaad2b6b4a27b055f86e86696113297dacc2c8e1b19cb4f54670f97a78e120a
Content/美术/Art/04_Props/02_ToxicWasteDrum/T_Prop_ToxicDrum_01_Intact.png,04_Props,702,690,RGBA,True,True,0,255,484024,08b106d21839f302297cecd9fd7aaa979f7160aa485b77904eb544d4bfcb5699
Content/美术/Art/04_Props/02_ToxicWasteDrum/T_Prop_ToxicDrum_02_Damaged.png,04_Props,702,690,RGBA,True,True,0,255,575049,41bff976f9a208ee738d168dc2431667cd3d3bcf5841fffc226d4bf3a7ab796d
Content/美术/Art/04_Props/02_ToxicWasteDrum/T_Prop_ToxicDrum_03_Destroyed.png,04_Props,702,690,RGBA,True,True,0,255,619541,233a6ad730d503b834b120f6d22469deaec87e19207caca7718705200515ae0d
Content/美术/Art/04_Props/02_ToxicWasteDrum/T_Prop_ToxicDrum_Sheet.png,04_Props,2106,690,RGBA,True,True,0,255,1654899,c1f15dfd7657f0f731b7099c1bf6accf0ce65b5d65bc4afc68ee9ffb582082dd
Content/美术/Art/04_Props/03_MilitaryWoodenCrate/T_Prop_Crate_01_Intact.png,04_Props,800,690,RGBA,True,True,0,255,393541,abf31193a36373904a2c52fc7ce610ae8f2626c7ae8cb3592257fba878701257
Content/美术/Art/04_Props/03_MilitaryWoodenCrate/T_Prop_Crate_02_Damaged.png,04_Props,800,690,RGBA,True,True,0,255,505719,7b08951364874fd86249920e959216a884070b73c28808230b0dc8cc41b23486
Content/美术/Art/04_Props/03_MilitaryWoodenCrate/T_Prop_Crate_03_Destroyed.png,04_Props,800,690,RGBA,True,True,0,255,512600,a0ba018d5a0858a88c6e6fd1df1618be4938f1ded551af10e4ba985b3de47789
Content/美术/Art/04_Props/03_MilitaryWoodenCrate/T_Prop_Crate_Sheet.png,04_Props,2400,690,RGBA,True,True,0,255,1408451,12bb93eb8fc5beb8c84ea51f98851b728217bdd1e1783e0e82ca6e39e6d83358
Content/美术/Art/04_Props/04_ReinforcedTechSafe/T_Prop_Safe_01_Intact.png,04_Props,705,627,RGBA,True,True,0,255,570900,487e6321d09e3c3f1b268864b643cb5bce74a4f3304250ed36bc801a230858dc
Content/美术/Art/04_Props/04_ReinforcedTechSafe/T_Prop_Safe_02_Damaged.png,04_Props,705,627,RGBA,True,True,0,255,539168,45e4ec8baaad4e43b2b1f1a347f9c018133c8e57ed468b97fe232da4f16aa8cf
Content/美术/Art/04_Props/04_ReinforcedTechSafe/T_Prop_Safe_03_Destroyed.png,04_Props,705,627,RGBA,True,True,0,255,390435,933d731169224c8bf4e64c57e81ee15a8215c56c347e7b0b2c7bb318a225fd47
Content/美术/Art/04_Props/04_ReinforcedTechSafe/T_Prop_Safe_Sheet.png,04_Props,2115,627,RGBA,True,True,0,255,1509224,c914d62a95dd2fd94092f252c2438dbebdf38d52c41cb059883e6f9f39d0914c
Content/美术/Art/04_Props/05_MedicalSupplyPod/T_Prop_MedPod_01_Intact.png,04_Props,778,568,RGBA,True,True,0,255,527551,30bee97d3da5319cf0fbc166e6e607543e5334efae35356da69ad0aa3b20cc96
Content/美术/Art/04_Props/05_MedicalSupplyPod/T_Prop_MedPod_02_Damaged.png,04_Props,778,568,RGBA,True,True,0,255,554224,7d1871abc241d31279212b65b3ea037df1f4dc87d4bccbf65406282cbb04fc4c
Content/美术/Art/04_Props/05_MedicalSupplyPod/T_Prop_MedPod_03_Destroyed.png,04_Props,778,568,RGBA,True,True,0,255,454618,65a88cb13a932a45b891c60170763c06b254b18e22742c6c681b17609cad9577
Content/美术/Art/04_Props/05_MedicalSupplyPod/T_Prop_MedPod_Sheet.png,04_Props,2334,568,RGBA,True,True,0,255,1534085,6098a245599c5298d6f99c40f06c6ad63c9f6b24b829f882898ad1b6264e1bda
Content/美术/Art/04_Props/06_CryoFreezeCanister/T_Prop_Cryo_01_Intact.png,04_Props,700,624,RGBA,True,True,0,255,513148,e1bdb9d2ac9ee40ea2e4eb61bc24b11db0e9c04cf3ac69555003541366f7cf8a
Content/美术/Art/04_Props/06_CryoFreezeCanister/T_Prop_Cryo_02_Damaged.png,04_Props,700,624,RGBA,True,True,0,255,466766,cf6d1880f5972741e988eebaffe91cdc4d1dea0bee1e81b2040de6751ba32481
Content/美术/Art/04_Props/06_CryoFreezeCanister/T_Prop_Cryo_03_Destroyed.png,04_Props,700,624,RGBA,True,True,0,255,345990,a36457222f4066b3c68936a76998ffe174819d417aaa80743b1e779922330597
Content/美术/Art/04_Props/06_CryoFreezeCanister/T_Prop_Cryo_Sheet.png,04_Props,2100,624,RGBA,True,True,0,255,1320071,5e3bccf62b650c41d03b8bb74509f050afb7c6998df8c2b59d23dd9483030fba
Content/美术/Art/04_Props/07_HighVoltageBattery/T_Prop_Battery_01_Intact.png,04_Props,721,465,RGBA,True,True,0,255,508721,40f1b8d29825a7cc3e5ad19ac50809ae3a36d1cf50c039320d5ef4dc2355f6ed
Content/美术/Art/04_Props/07_HighVoltageBattery/T_Prop_Battery_02_Damaged.png,04_Props,721,465,RGBA,True,True,0,255,395389,ffbcaea1f997c88a18de97d0959947c807205aeabe5ee3caf2405445b312c890
Content/美术/Art/04_Props/07_HighVoltageBattery/T_Prop_Battery_03_Destroyed.png,04_Props,721,465,RGBA,True,True,0,255,364373,069c65f98398d4472a303f67feb4e9a67d7ce28a520a205499cbd409c2068949
Content/美术/Art/04_Props/07_HighVoltageBattery/T_Prop_Battery_Sheet.png,04_Props,2163,465,RGBA,True,True,0,255,1258959,eb7e2ecd75e6778ca7787923020a0b9271842ecd6f7920b57e7b8dda53e87471
Content/美术/Art/04_Props/08_BioSpecimenContainer/T_Prop_BioContainer_01_Intact.png,04_Props,719,523,RGBA,True,True,0,255,539937,86bac917c4d176a4bc3b45c808021d341ef94b8d79def5a66f3f4b97eeedb3bb
Content/美术/Art/04_Props/08_BioSpecimenContainer/T_Prop_BioContainer_02_Damaged.png,04_Props,719,523,RGBA,True,True,0,255,507833,285c9189e6ed2e8e3f492edb6ba25814ab5fd004f1ef8e63023cf580ff8be27a
Content/美术/Art/04_Props/08_BioSpecimenContainer/T_Prop_BioContainer_03_Destroyed.png,04_Props,719,523,RGBA,True,True,0,255,502352,fcd8923ea793d368c04f18a33fa13ca2654f0cab44e49aa30660d35bcaf376ed
Content/美术/Art/04_Props/08_BioSpecimenContainer/T_Prop_BioContainer_Sheet.png,04_Props,2157,523,RGBA,True,True,0,255,1534520,5b9df650e5c28de2156f773112ecb3f880e666de06bad5f0768a1764a67d374e
Content/美术/Art/04_Props/09_SecurityBarricade/T_Prop_Barricade_01_Intact.png,04_Props,701,639,RGBA,True,True,0,255,607179,bed818facd5cd021e43e3713b8bc2cabc83b28cdf43dc23dfca01508f9fc8a18
Content/美术/Art/04_Props/09_SecurityBarricade/T_Prop_Barricade_02_Damaged.png,04_Props,701,639,RGBA,True,True,0,255,499537,51583e3da9e7ec16d0b63179a566d570bdab607c899762f7c43298e1fbdb1374
Content/美术/Art/04_Props/09_SecurityBarricade/T_Prop_Barricade_03_Destroyed.png,04_Props,701,639,RGBA,True,True,0,255,38572,7148cf47dfbec4bd9143d6876910f323bbb415234d39ea9cf8047eb2644d529c
Content/美术/Art/04_Props/09_SecurityBarricade/T_Prop_Barricade_Sheet.png,04_Props,2103,639,RGBA,True,True,0,255,1146456,4d83521b711976aec723d11b048a4667a1aaf5ec40b2b5583e45fabf3f5ce53d
Content/美术/Art/04_Props/10_OverloadedTerminal/T_Prop_Terminal_01_Intact.png,04_Props,751,641,RGBA,True,True,0,255,540004,5386ea38e6f233ba20d1c8034dec4e6fcf0e378284b3b08ca6f8b89f8b634636
Content/美术/Art/04_Props/10_OverloadedTerminal/T_Prop_Terminal_02_Damaged.png,04_Props,751,641,RGBA,True,True,0,255,568703,104be0c55efffe855cd55a891d90b8fca8cb387afc59eac6672426358d916ca2
Content/美术/Art/04_Props/10_OverloadedTerminal/T_Prop_Terminal_03_Destroyed.png,04_Props,751,641,RGBA,True,True,0,255,402931,76a1bc31ff0da91140c5eb951c827a97f665a86280ce186809adfac10d485a0e
Content/美术/Art/04_Props/10_OverloadedTerminal/T_Prop_Terminal_Sheet.png,04_Props,2253,641,RGBA,True,True,0,255,1500854,c0364935cf1211623143f6164daade352631598c73896fdf599c396225d9df0a
Content/美术/Art/05_VFX/01_Explosion_Fire/T_VFX_Explosion_Fire_01.png,05_VFX,474,514,RGBA,True,True,0,253,61875,9bb6506c005af235cedf2d08d022d436c5dac0a6993cfb71cf0b4f3b57d2121f
Content/美术/Art/05_VFX/01_Explosion_Fire/T_VFX_Explosion_Fire_02.png,05_VFX,474,514,RGBA,True,True,0,253,149269,25b78a4a72ae8d1707a59b06ed4e3c16f167f45c4b2aab22b208d5a2c7a7b3e4
Content/美术/Art/05_VFX/01_Explosion_Fire/T_VFX_Explosion_Fire_03.png,05_VFX,474,514,RGBA,True,True,0,253,245765,c18e30313024359b522717b7a5d17546002630f2207b06d4d7f98ace9dd2f346
Content/美术/Art/05_VFX/01_Explosion_Fire/T_VFX_Explosion_Fire_04.png,05_VFX,474,514,RGBA,True,True,0,255,111610,544c88b901d425c726cce5b27019846cf149c1a44212c2352c02d5eda60ea273
Content/美术/Art/05_VFX/01_Explosion_Fire/T_VFX_Explosion_Fire_Sheet.png,05_VFX,1896,514,RGBA,True,True,0,255,528048,ee764e7ae7ca5df812fa5a8e02bc285a9d59a452293b76122affa2fb006e9029
Content/美术/Art/05_VFX/02_Inferno_Shock/T_VFX_Inferno_Shock_01.png,05_VFX,476,516,RGBA,True,True,0,251,44941,38bb543249ac9fabac4a9903bc132d36b75be30f687fe86c7899aee56a672ac3
Content/美术/Art/05_VFX/02_Inferno_Shock/T_VFX_Inferno_Shock_02.png,05_VFX,476,516,RGBA,True,True,0,255,139513,46719945e52800089b5af617674205d156a4950fadf75f25de42d281cd47ee94
Content/美术/Art/05_VFX/02_Inferno_Shock/T_VFX_Inferno_Shock_03.png,05_VFX,476,516,RGBA,True,True,0,255,274646,a77242ae87108c54dbb51142925397663ccebdc30e4fda7f2372b2dae0d12e82
Content/美术/Art/05_VFX/02_Inferno_Shock/T_VFX_Inferno_Shock_04.png,05_VFX,476,516,RGBA,True,True,0,255,129100,82b5e8884c2c004f9ee8ea7ae275cbd571d1d62297a0275655ddc5e0eb6263c5
Content/美术/Art/05_VFX/02_Inferno_Shock/T_VFX_Inferno_Shock_Sheet.png,05_VFX,1904,516,RGBA,True,True,0,255,537462,fe6881e1f0d338aa25107f0d18011a5bac59c4e96d8fe6d82ec062c31b14c1eb
Content/美术/Art/05_VFX/03_Spark_Flare/T_VFX_Spark_Flare_01.png,05_VFX,665,709,RGBA,True,True,0,255,41956,33651db9fa0c0048888a6a29271caa87f35602bf30b1be1c7775c76ffb5806fa
Content/美术/Art/05_VFX/03_Spark_Flare/T_VFX_Spark_Flare_02.png,05_VFX,665,709,RGBA,True,True,0,255,184150,881eed62e4c04b71e080b32a0baf5cfe2b845bba28dabc48a6249687167e8f3f
Content/美术/Art/05_VFX/03_Spark_Flare/T_VFX_Spark_Flare_03.png,05_VFX,665,709,RGBA,True,True,0,255,526461,79ab45055501bff1661aa2535138ed23e4ff4281c55eaac2960a05749f0e927d
Content/美术/Art/05_VFX/03_Spark_Flare/T_VFX_Spark_Flare_04.png,05_VFX,665,709,RGBA,True,True,0,255,151496,8db9d67256961bce99288dd2e28c7037389fd32e93b5a183983239d8e7a94fb3
Content/美术/Art/05_VFX/03_Spark_Flare/T_VFX_Spark_Flare_Sheet.png,05_VFX,2660,709,RGBA,True,True,0,255,834690,defec5d1ddda9f4d0ec615e25986cad4f2a5c0736fb1e23da4e923ac93492dcb
Content/美术/Art/05_VFX/04_Blood_Gore/T_VFX_Blood_Gore_01.png,05_VFX,492,544,RGBA,True,True,0,255,123014,897c98a058779bdbef4369f8232535e5b14b65bdbf902a0c3a3b8ca76c749912
Content/美术/Art/05_VFX/04_Blood_Gore/T_VFX_Blood_Gore_02.png,05_VFX,492,544,RGBA,True,True,0,255,228955,7ddce9cbaa058f05a1819434f6cd2b6dde39d92a73e272ce935f451625543c42
Content/美术/Art/05_VFX/04_Blood_Gore/T_VFX_Blood_Gore_03.png,05_VFX,492,544,RGBA,True,True,0,255,346718,7076a281204ca378ab6e3b032e267c5a8c4e635116059370b1434e8187ff6349
Content/美术/Art/05_VFX/04_Blood_Gore/T_VFX_Blood_Gore_04.png,05_VFX,492,544,RGBA,True,True,0,255,139151,2816f3823f1ef7662615d2ad4b3cdacec3bd690a78c12e535cda443d907ca560
Content/美术/Art/05_VFX/04_Blood_Gore/T_VFX_Blood_Gore_Sheet.png,05_VFX,1968,544,RGBA,True,True,0,255,794951,53d5f81e9e920b17fc19168597996ba5eb3c625117e10d30cc4dc5687a0be294
Content/美术/Art/05_VFX/05_Smoke_Dust/T_VFX_Smoke_Dust_01.png,05_VFX,427,429,RGBA,True,True,0,255,81223,d39187a9c2eafbc20caeb873a33fd5671a04af4fd8c9be54d55cf6662f81e971
Content/美术/Art/05_VFX/05_Smoke_Dust/T_VFX_Smoke_Dust_02.png,05_VFX,427,429,RGBA,True,True,0,255,150510,09ad6c74173c190eebc2ee3c09d63b203d0d6d1285a2918887ec94fc68b3d391
Content/美术/Art/05_VFX/05_Smoke_Dust/T_VFX_Smoke_Dust_03.png,05_VFX,427,429,RGBA,True,True,0,255,205259,471d6fd94665f2107ec398aa85dc436ecf3e488be2ed53d49134f5cb8a13536f
Content/美术/Art/05_VFX/05_Smoke_Dust/T_VFX_Smoke_Dust_04.png,05_VFX,427,429,RGBA,True,True,0,255,72791,b1f9300b0e08b629176e6a068ea9b40f64fcee66cd480d9ff7430ab82992ed68
Content/美术/Art/05_VFX/05_Smoke_Dust/T_VFX_Smoke_Dust_Sheet.png,05_VFX,1708,429,RGBA,True,True,0,255,488353,cd2af9ba29271e30bf6d32f41208bc8cccbf11fc52f4e2f652839e56926a2802
Content/美术/Art/05_VFX/06_Toxic_Splatter/T_VFX_Toxic_Splatter_01.png,05_VFX,488,527,RGBA,True,True,0,255,143443,910e6535d1fd8408fd6bd1242d764ad37dd20a5bd71db4d64d98311b94a1be18
Content/美术/Art/05_VFX/06_Toxic_Splatter/T_VFX_Toxic_Splatter_02.png,05_VFX,488,527,RGBA,True,True,0,255,290409,2f5f8b9c52e3aaae4f466c03642a7d53d70ca4eddf551538b7706a86e66a5dd8
Content/美术/Art/05_VFX/06_Toxic_Splatter/T_VFX_Toxic_Splatter_03.png,05_VFX,488,527,RGBA,True,True,0,255,364108,0e7d4ee2a53a8b4c32f9f59e3020f33882352cc2ac4e5f7b97c144715ab7eeea
Content/美术/Art/05_VFX/06_Toxic_Splatter/T_VFX_Toxic_Splatter_04.png,05_VFX,488,527,RGBA,True,True,0,255,167170,1d6106f75f97162e174bace8d87b82f84fb9e5957d2a490ce73b65e5851f0623
Content/美术/Art/05_VFX/06_Toxic_Splatter/T_VFX_Toxic_Splatter_Sheet.png,05_VFX,1952,527,RGBA,True,True,0,255,916714,1fb3650f4f7f18fcd2667076e42c81de49638b24e91ddd927957f6fd70af27d9
Content/美术/Art/05_VFX/07_Acid_Cloud/T_VFX_Acid_Cloud_01.png,05_VFX,553,503,RGBA,True,True,0,253,106490,aab430378dce4f1e2b2131c37b95baf6c775efbafc212437684a9255446c4490
Content/美术/Art/05_VFX/07_Acid_Cloud/T_VFX_Acid_Cloud_02.png,05_VFX,553,503,RGBA,True,True,0,253,184461,876bbb619dba1d53d66bf2d832088a5566babecae760ac050a9b0b6a965c1711
Content/美术/Art/05_VFX/07_Acid_Cloud/T_VFX_Acid_Cloud_03.png,05_VFX,553,503,RGBA,True,True,0,255,255420,ffbcb17958e5388495b5767851e0be155901640bf1d9fbe6f0118a54972ba7ec
Content/美术/Art/05_VFX/07_Acid_Cloud/T_VFX_Acid_Cloud_04.png,05_VFX,553,503,RGBA,True,True,0,253,143014,416dd28e5193e3c48b340473e2f285a09e5d93762f36e8bb3197224255f2447d
Content/美术/Art/05_VFX/07_Acid_Cloud/T_VFX_Acid_Cloud_Sheet.png,05_VFX,2212,503,RGBA,True,True,0,255,632010,71a13c8bfd92531bde57b8068c1d8c729105cbaa6c7846eb87767db77df7601d
Content/美术/Art/05_VFX/09_Nanite_Heal/T_VFX_Nanite_Heal_01.png,05_VFX,469,506,RGBA,True,True,0,255,107047,393e0c222f73050b6ccb837bc4f1d2b3ebb8cccfb9da36e276071ef7f543f4c2
Content/美术/Art/05_VFX/09_Nanite_Heal/T_VFX_Nanite_Heal_02.png,05_VFX,469,506,RGBA,True,True,0,255,204314,a571bc3567b03e492ca03d5b2bfabe24fab051faa1fe22f71225cff9a88341b9
Content/美术/Art/05_VFX/09_Nanite_Heal/T_VFX_Nanite_Heal_03.png,05_VFX,469,506,RGBA,True,True,0,255,347982,1b1bccf95e49aac420d2d3756cda6459aee0f5a5478e0287b3cd1f94f55963b8
Content/美术/Art/05_VFX/09_Nanite_Heal/T_VFX_Nanite_Heal_04.png,05_VFX,469,506,RGBA,True,True,0,255,167146,8617f6fb08ee0207c3ef9e9298cab3b51e4e7b73df6e943ac1cd682f91bc1969
Content/美术/Art/05_VFX/09_Nanite_Heal/T_VFX_Nanite_Heal_Sheet.png,05_VFX,1876,506,RGBA,True,True,0,255,771204,5100ad2cbbbf0795558f5f166f7f7b61dcfda0ec131a203f20832d03fe7893bb
Content/美术/Art/05_VFX/10_Plasma_Shield/T_VFX_Plasma_Shield_01.png,05_VFX,469,912,RGBA,True,True,0,251,89291,5259c10ecae8b1441661bf15fa9b8901fe5a8199f8cf4fda748ed4e533d6c728
Content/美术/Art/05_VFX/10_Plasma_Shield/T_VFX_Plasma_Shield_02.png,05_VFX,469,912,RGBA,True,True,0,251,242230,bc59a35feb0a4c8e0f425a8f501437f40876418acfd8eabe5511c53535526fe6
Content/美术/Art/05_VFX/10_Plasma_Shield/T_VFX_Plasma_Shield_03.png,05_VFX,469,912,RGBA,True,True,0,253,442711,1f953da59c77e42ac13511071a4c55671f40b0e52019a22cd23bb6e2dd3dd434
Content/美术/Art/05_VFX/10_Plasma_Shield/T_VFX_Plasma_Shield_04.png,05_VFX,469,912,RGBA,True,True,0,251,138579,6b16e38f17dd4e88707a83776c50b1b63f49ce5dd63587d7326219242ca6886f
Content/美术/Art/05_VFX/10_Plasma_Shield/T_VFX_Plasma_Shield_Sheet.png,05_VFX,1876,912,RGBA,True,True,0,251,827387,35d2ed23bc99300428a78e13904e096f6699f18dcd1ddba101a2553daada363b
Content/美术/Art/05_VFX/11_Hit_Kinetic/T_VFX_Hit_Kinetic_01.png,05_VFX,632,722,RGBA,True,True,0,251,217714,e5bc71a07454f167076fcf6e5506fdf4c7bc0866dd1a8c2a61a0fd0a86e2ffd7
Content/美术/Art/05_VFX/11_Hit_Kinetic/T_VFX_Hit_Kinetic_02.png,05_VFX,632,722,RGBA,True,True,0,251,1999,23c692fe263d17e8a9bca7038801c577256cde49ad2f0fc90e47d7fd21f059bc
Content/美术/Art/05_VFX/11_Hit_Kinetic/T_VFX_Hit_Kinetic_03.png,05_VFX,632,722,RGBA,True,True,0,253,609262,9e3c893676fb6ec9e3e26aed67565fa4c68eef22ad46e031f21fda245dfe0cfe
Content/美术/Art/05_VFX/11_Hit_Kinetic/T_VFX_Hit_Kinetic_Sheet.png,05_VFX,1896,722,RGBA,True,True,0,251,786283,121c6dc13e7695f604709067a8f3ee81a911934c8ff9a79c0e0e4e2f69835199
Content/美术/Art/05_VFX/12_Hit_Acid/T_VFX_Hit_Acid_01.png,05_VFX,590,675,RGBA,True,True,0,251,220205,dcf8d5968c147c0fd9a2f320fba7ac6855f58c7136b1e5acb6fcab9079231e29
Content/美术/Art/05_VFX/12_Hit_Acid/T_VFX_Hit_Acid_02.png,05_VFX,590,675,RGBA,True,True,0,251,513969,df0382b35ba1735832289d688b91857a2f4485a208bf2fe3b9e363d4bc72b7d1
Content/美术/Art/05_VFX/12_Hit_Acid/T_VFX_Hit_Acid_03.png,05_VFX,590,675,RGBA,True,True,0,251,2024,b6fe20d489d3496cc1ee69ddba1dd3546aa92bbda4a4921093fa3cc792dcdf2d
Content/美术/Art/05_VFX/12_Hit_Acid/T_VFX_Hit_Acid_Sheet.png,05_VFX,1770,675,RGBA,True,True,0,247,678594,f527b7fb9a7a671fdbef91ba9988bdcf963c66e3338227ac4d4e52773ab00e85
Content/美术/Art/05_VFX/13_Muzzle_Flash/T_VFX_Muzzle_Flash_01.png,05_VFX,608,744,RGBA,True,True,0,253,545385,1737864d5b3e6bad82fa3e13b5074611273070999b5ef36a35e851ecc976f0d8
Content/美术/Art/05_VFX/13_Muzzle_Flash/T_VFX_Muzzle_Flash_02.png,05_VFX,608,744,RGBA,True,True,0,249,2228,f64ddbc6490b4835327144dd0a3211be9bcdd41e4c4814d3d9c2b68cc0b08e69
Content/美术/Art/05_VFX/13_Muzzle_Flash/T_VFX_Muzzle_Flash_03.png,05_VFX,608,744,RGBA,True,True,0,251,689631,3ac6e81f1fe8bef8e9903e42dfc2715aff6a0a4fd7e4097571125315a3623661
Content/美术/Art/05_VFX/13_Muzzle_Flash/T_VFX_Muzzle_Flash_Sheet.png,05_VFX,1824,744,RGBA,True,True,0,251,1193733,19b4352aa20c3fc5df6ef5b57d2c2c726041138b869f63fbe5939b43e76280dc
Content/美术/Art/05_VFX/14_Spark_Tiny/T_VFX_Spark_Tiny_01.png,05_VFX,562,682,RGBA,True,True,0,255,208096,a54a3536c14a32973ef2a410d6485684a88bf2e952429f4ca70c2136f2e0d3da
Content/美术/Art/05_VFX/14_Spark_Tiny/T_VFX_Spark_Tiny_02.png,05_VFX,562,682,RGBA,True,True,0,251,1779,e42ccb973e3434271e89ff2a7a84fda65139430ed4d92dfcd2c29e4a6a0408b8
Content/美术/Art/05_VFX/14_Spark_Tiny/T_VFX_Spark_Tiny_03.png,05_VFX,562,682,RGBA,True,True,0,255,627030,38f4f02deb7e105f67a606871e907eb6b5ee075ef0dded90fa237a77511387ae
Content/美术/Art/05_VFX/14_Spark_Tiny/T_VFX_Spark_Tiny_Sheet.png,05_VFX,1686,682,RGBA,True,True,0,255,809091,bacef65c1505f87a3aedcb61dbe4079f74489c2d1f75d4933a7c02f38bd9914c
Content/美术/Art/05_VFX/15_Freeze_Crack/T_VFX_Freeze_Crack_01.png,05_VFX,496,687,RGBA,True,True,0,251,184195,5f4527f899ae89cb3b2309fdefc77b1d190c43d28ff108ee59e4fc30a6088839
Content/美术/Art/05_VFX/15_Freeze_Crack/T_VFX_Freeze_Crack_02.png,05_VFX,496,687,RGBA,True,True,0,251,330250,316a862b521a39af72862f94bf51567d6a407d7824bb2a4968e71ed733edc8fa
Content/美术/Art/05_VFX/15_Freeze_Crack/T_VFX_Freeze_Crack_03.png,05_VFX,496,687,RGBA,True,True,0,251,197376,7fd8c7ed4299cdc5d95058c78712de0efa331721589731300426d2126e7869c3
Content/美术/Art/05_VFX/15_Freeze_Crack/T_VFX_Freeze_Crack_Sheet.png,05_VFX,1488,687,RGBA,True,True,0,247,603620,8f7954187ca41f1771374c3eae2bb17a5c1c1b2c6efd0f2b1ebc2e431f05f21c
Content/美术/Art/05_VFX/16_EMP_Pulse/T_VFX_EMP_Pulse_01.png,05_VFX,523,696,RGBA,True,True,0,251,265616,7bf309d376aecc5d21b26748d1748e20b8d6dd6ca937ab2a481f83f3c8a62434
Content/美术/Art/05_VFX/16_EMP_Pulse/T_VFX_EMP_Pulse_02.png,05_VFX,523,696,RGBA,True,True,0,251,433022,244089e9107d74503f10dfb7c0ab633d8e3457ceb2336086832310aab8718033
Content/美术/Art/05_VFX/16_EMP_Pulse/T_VFX_EMP_Pulse_03.png,05_VFX,523,696,RGBA,True,True,0,249,176314,33c6d349c2997778134c0a5c12f436e188e9da489c999f3bf3efe5cb251e046a
Content/美术/Art/05_VFX/16_EMP_Pulse/T_VFX_EMP_Pulse_Sheet.png,05_VFX,1569,696,RGBA,True,True,0,247,767467,f0012a0d314c469c982daf955b27eb2c5409ecbf3f3853b661a4183f71a95ad9
Content/美术/Art/05_VFX/17_Dash_Ghost/T_VFX_Dash_Ghost_01.png,05_VFX,579,712,RGBA,True,True,0,251,279632,10f76f8b955dee40574d68d00c81576bfe5ebdec697ff5ac4f75c5e53ea327e4
Content/美术/Art/05_VFX/17_Dash_Ghost/T_VFX_Dash_Ghost_02.png,05_VFX,579,712,RGBA,True,True,0,255,520185,6212cffa6d01218515321befcee5f6e2bcd5dcc5d616c4fcea6f1ecee1fe6d60
Content/美术/Art/05_VFX/17_Dash_Ghost/T_VFX_Dash_Ghost_03.png,05_VFX,579,712,RGBA,True,True,0,251,350604,1e437f365af53db9b766138ebd9c77e92ddff2332a943b9fad097b9f81d8107a
Content/美术/Art/05_VFX/17_Dash_Ghost/T_VFX_Dash_Ghost_Sheet.png,05_VFX,1737,712,RGBA,True,True,0,255,1054283,44c427608ae9890a1865d2af19806ca9dc095ed8cd161712db7e75dc230334c2
Content/美术/Art/05_VFX/18_LevelUp_Beam/T_VFX_LevelUp_Beam_01.png,05_VFX,617,673,RGBA,True,True,0,251,295706,855618b594ee95cdd5c3594770264fe7bf2ee77be36876fbfde3424c2f4b8c9d
Content/美术/Art/05_VFX/18_LevelUp_Beam/T_VFX_LevelUp_Beam_02.png,05_VFX,617,673,RGBA,True,True,0,249,1864,339293689fd554517a04dca0a6c1745d18f6a3267b56c29ab5f82b3617a1a81b
Content/美术/Art/05_VFX/18_LevelUp_Beam/T_VFX_LevelUp_Beam_03.png,05_VFX,617,673,RGBA,True,True,0,251,389696,64ea555e9281cac8680b857baa7c83326e6a0b1381fa357de57d7f31f628ed35
Content/美术/Art/05_VFX/18_LevelUp_Beam/T_VFX_LevelUp_Beam_Sheet.png,05_VFX,1851,673,RGBA,True,True,0,247,615103,fa99db7dcdeb2e31ab4218f4beebe22a29f63c3402c0d433996e4e2a321f0236
Content/美术/Art/06_Cards/01_UpgradeCards_3Choice/T_Card_Upgrade_01.png,06_Cards,359,556,RGBA,True,True,0,255,230304,0603744df3d27c5f1913c0a513175b02c34062b0b7507c6836b80b022e6da208
Content/美术/Art/06_Cards/01_UpgradeCards_3Choice/T_Card_Upgrade_02.png,06_Cards,359,556,RGBA,True,True,0,255,204671,3f3bb5021061f35d9accf998948fc4adc0e93617fd58c90347d8ff16245672ef
Content/美术/Art/06_Cards/01_UpgradeCards_3Choice/T_Card_Upgrade_03.png,06_Cards,359,556,RGBA,True,True,0,253,215187,0ab285cbcf4101d0f00017cef7b0bb311a99b68949e1bd3d0b9b24ee06b08671
Content/美术/Art/06_Cards/01_UpgradeCards_3Choice/T_Card_Upgrade_04.png,06_Cards,359,556,RGBA,True,True,0,255,197993,c15f64f3cd966b86ec37be4fa6598508ab283912ae76eb74d52f7451c5add689
Content/美术/Art/06_Cards/01_UpgradeCards_3Choice/T_Card_Upgrade_05.png,06_Cards,359,556,RGBA,True,True,0,255,100018,e11acab7089a7fcfc1b8eaf7088fe3bbbd29e228db6ca23a9a38065271b83af1
Content/美术/Art/06_Cards/01_UpgradeCards_3Choice/T_Card_Upgrade_06.png,06_Cards,359,556,RGBA,True,True,0,255,106173,058d8d64daf51efb8684afa6ef3c39d0efb7d2742b9c2cfcced51884a2c88932
Content/美术/Art/06_Cards/01_UpgradeCards_3Choice/T_Card_Upgrade_07.png,06_Cards,359,556,RGBA,True,True,0,255,109041,65aa79da261114734535bd2121d33a59858f411f7d289410bed04652357c5dc0
Content/美术/Art/06_Cards/01_UpgradeCards_3Choice/T_Card_Upgrade_08.png,06_Cards,359,556,RGBA,True,True,0,255,92118,ecbe8452f5406b90313d74282b82dfa8262cd9338f08450d60494a956d7cebbe
Content/美术/Art/06_Cards/01_UpgradeCards_3Choice/T_Card_Upgrade_09.png,06_Cards,359,556,RGBA,True,True,0,255,53943,7900b0d50e5f9eb4255bbdc898f3b5d1a487cf284a8fa003c460d6f56b9f8a74
Content/美术/Art/06_Cards/01_UpgradeCards_3Choice/T_Card_Upgrade_10.png,06_Cards,359,556,RGBA,True,True,0,255,50984,15fcb006940f4e36670f86d7a3f419c9bdfdd801e14a4bee2283a63127cd3e41
Content/美术/Art/06_Cards/01_UpgradeCards_3Choice/T_Card_Upgrade_11.png,06_Cards,359,556,RGBA,True,True,0,255,55556,219b80c90685169e73341cc357cc61e1aeb04bb8f9ae69b82578938183c2b6da
Content/美术/Art/06_Cards/01_UpgradeCards_3Choice/T_Card_Upgrade_12.png,06_Cards,359,556,RGBA,True,True,0,255,67579,0964f725041e20f0434cd713c86d97a330e5744211b515e0abcef467331abe69
Content/美术/Art/06_Cards/01_UpgradeCards_3Choice/T_Card_Upgrade_13.png,06_Cards,359,556,RGBA,True,True,0,255,46406,98f96782e2f04baa08982e4f1396fac36d1e15bca288aad36ca38cba62c4dd80
Content/美术/Art/06_Cards/01_UpgradeCards_3Choice/T_Card_Upgrade_14.png,06_Cards,359,556,RGBA,True,True,0,255,33679,1eb2b5e3620208907140e9998a26f9215dfdcc6070cc06c13c59c4d575165b17
Content/美术/Art/06_Cards/01_UpgradeCards_3Choice/T_Card_Upgrade_15.png,06_Cards,359,556,RGBA,True,True,0,255,34899,e869e7716eafa98582a200767be7190a79a0e0acdd915209a8411fa8890dcd93
Content/美术/Art/06_Cards/01_UpgradeCards_3Choice/T_Card_Upgrade_16.png,06_Cards,359,556,RGBA,True,True,0,255,36208,4994be76e7c18aec113a83ab35d1d192c10b7e76718aed7d3331f76dddfa056c
Content/美术/Art/06_Cards/01_UpgradeCards_3Choice/T_Card_Upgrade_Sheet.png,06_Cards,5744,556,RGBA,True,True,0,255,1541866,bb4f873f7468fff0ae42d318fd879b1e1dda10be0aab5ee564b68ebca4916ce5
Content/美术/Art/06_Cards/02_PassiveBuffCards/T_Card_Passive_01.png,06_Cards,731,513,RGBA,True,True,0,253,353665,8dc6834444646eb6fe64c861a2050702ee0b4b9c752ea08aa552857c8d11a9f2
Content/美术/Art/06_Cards/02_PassiveBuffCards/T_Card_Passive_03.png,06_Cards,731,513,RGBA,True,True,0,253,289145,36124b3cd59684103c7d4d1277f9fc1e0ffe6347f7928f053667df0c47ee53cc
Content/美术/Art/06_Cards/02_PassiveBuffCards/T_Card_Passive_04.png,06_Cards,731,513,RGBA,True,True,0,255,232944,cc21d497de4a0c15d47c05b7e9ab2a224eaee3f879668782c5870aeaebe47302
Content/美术/Art/06_Cards/02_PassiveBuffCards/T_Card_Passive_05.png,06_Cards,731,513,RGBA,True,True,0,255,221818,8421924b16e790e4742a2eee73bd5b0e7b81368b3762f3329e5b288141c7d27f
Content/美术/Art/06_Cards/02_PassiveBuffCards/T_Card_Passive_06.png,06_Cards,731,513,RGBA,True,True,0,253,162089,62f3a72016832f6f1d424f8851cb21023e1b40936dc1f8da989207833aca2a24
Content/美术/Art/06_Cards/02_PassiveBuffCards/T_Card_Passive_07.png,06_Cards,731,513,RGBA,True,True,0,253,94685,1cf7400a3b80d0d5873eb640d377bba5e834aa0629c8a5cff90ebb8954aa7d5d
Content/美术/Art/06_Cards/02_PassiveBuffCards/T_Card_Passive_08.png,06_Cards,731,513,RGBA,True,True,0,253,81106,2b3f48c4a6b0092ca6f077cdfb7480286e9bf21759e5b98d2fec83ea15648c8e
Content/美术/Art/06_Cards/02_PassiveBuffCards/T_Card_Passive_09.png,06_Cards,731,513,RGBA,True,True,0,253,93922,58ba7ce0b328af7f821a492cbff53bd1cee30343a0d5154877f29059e4aab468
Content/美术/Art/06_Cards/02_PassiveBuffCards/T_Card_Passive_Sheet.png,06_Cards,6579,513,RGBA,True,True,0,255,1587447,6a571474d34e6a1be2c049eef1d0d618716b69e5a510a5acbedfb68e9e9c8d4e
Content/美术/Art/06_Cards/03_TacticalAbilityCards/T_Card_Tactical_04.png,06_Cards,326,453,RGBA,True,True,0,255,99719,835f31a86af3daaf604ac6b885e2a1bcf07a2650411f91163d8d055f0576d4a4
Content/美术/Art/06_Cards/03_TacticalAbilityCards/T_Card_Tactical_05.png,06_Cards,326,453,RGBA,True,True,0,255,218660,ba9f5236cd25bc173364affb8282336c93b1302b45603717f8c96d9ccc5afcfd
Content/美术/Art/06_Cards/03_TacticalAbilityCards/T_Card_Tactical_06.png,06_Cards,326,453,RGBA,True,True,0,255,218502,9b4de2c243695b411433893d7245a7491da02e4a9dd28a28d38fd1c4bb4a70af
Content/美术/Art/06_Cards/03_TacticalAbilityCards/T_Card_Tactical_07.png,06_Cards,326,453,RGBA,True,True,0,255,229724,411fd68c209e19f516c6f0d12271222bf46188f63cc000ca9db2aef6eb395ffc
Content/美术/Art/06_Cards/03_TacticalAbilityCards/T_Card_Tactical_08.png,06_Cards,326,453,RGBA,True,True,0,255,232246,cc350a7d810c5928dc869ebf0eb45eac6817b152e01d064dd57b66f0e90b72bd
Content/美术/Art/06_Cards/03_TacticalAbilityCards/T_Card_Tactical_09.png,06_Cards,326,453,RGBA,True,True,0,255,206732,8e2d47423e9cf0f061d95d6924974bdc6bc3396e1ef310ff6197b43fde5e87fc
Content/美术/Art/06_Cards/03_TacticalAbilityCards/T_Card_Tactical_10.png,06_Cards,326,453,RGBA,True,True,0,255,217667,2194877cde93ec50e55ba88c2c35f4b0df39f3b203f5082286883b4060ccd9dc
Content/美术/Art/06_Cards/03_TacticalAbilityCards/T_Card_Tactical_11.png,06_Cards,326,453,RGBA,True,True,0,255,207507,624590a8a4e3434eb4117002d4e61b598940cecc938fc4600327bde14fa3dc26
Content/美术/Art/06_Cards/03_TacticalAbilityCards/T_Card_Tactical_12.png,06_Cards,326,453,RGBA,True,True,0,255,230686,81bd346e899e387a68c55ce7436bdcb0eacf5485ac667c734341bdd5786ae344
Content/美术/Art/06_Cards/03_TacticalAbilityCards/T_Card_Tactical_Sheet.png,06_Cards,3912,453,RGBA,True,True,0,255,2146513,66227caa1942fc4fa23e5a88e0764e751e314b062cbf91e9a6e358c8d91482f1
Content/美术/Art/06_Cards/04_WeaponModCards/T_Card_WeaponMod_01.png,06_Cards,319,452,RGBA,True,True,0,255,187185,a5d154124a58dc26350449a6f5cf3f24532f19b098cf929be157e63ad730b337
Content/美术/Art/06_Cards/04_WeaponModCards/T_Card_WeaponMod_02.png,06_Cards,319,452,RGBA,True,True,0,255,192456,d907020f0702148704a465fb63dfd179858d9f056569bc35443fd8e00bdf1bf3
Content/美术/Art/06_Cards/04_WeaponModCards/T_Card_WeaponMod_03.png,06_Cards,319,452,RGBA,True,True,0,255,202227,71a7a31d72154fb7a793c34c0623de504ec37df4e14cfccf97b12377013fe26c
Content/美术/Art/06_Cards/04_WeaponModCards/T_Card_WeaponMod_04.png,06_Cards,319,452,RGBA,True,True,0,255,194669,d8ed81154c0295241e065e835eb91087ac6ae24b6fbcd7a48f95678b82e54838
Content/美术/Art/06_Cards/04_WeaponModCards/T_Card_WeaponMod_05.png,06_Cards,319,452,RGBA,True,True,0,255,189307,5ce192a4df3c1463a650879cb77bca36a87b602f1cb270bdec22bd5c926b185a
Content/美术/Art/06_Cards/04_WeaponModCards/T_Card_WeaponMod_06.png,06_Cards,319,452,RGBA,True,True,0,255,208866,01b209a3303fae449bfbad45d440f0319b95ad87f7120c9bdc656eab87e40499
Content/美术/Art/06_Cards/04_WeaponModCards/T_Card_WeaponMod_07.png,06_Cards,319,452,RGBA,True,True,0,255,215154,e133ada6a3a7469663d8b4ed1d8da7d5410a11ee59c2d35b6ea9811d984704f1
Content/美术/Art/06_Cards/04_WeaponModCards/T_Card_WeaponMod_08.png,06_Cards,319,452,RGBA,True,True,0,255,205561,bda439a78c1da4f660fb3751bb1b539f680277e1ee0741ec4e8d45f95531f3fb
Content/美术/Art/06_Cards/04_WeaponModCards/T_Card_WeaponMod_09.png,06_Cards,319,452,RGBA,True,True,0,255,47057,8df8a1daf669b4a5c692285661e3a53ee413137b21ee9ed5d09503079a3632bc
Content/美术/Art/06_Cards/04_WeaponModCards/T_Card_WeaponMod_10.png,06_Cards,319,452,RGBA,True,True,0,255,42279,9a47219142914ce8892d4ce65d70e9944c1e12cb684addb5782a5e6bf9e67992
Content/美术/Art/06_Cards/04_WeaponModCards/T_Card_WeaponMod_11.png,06_Cards,319,452,RGBA,True,True,0,255,46343,dd4fce6e58b1eb834a1e31c81f5205c1419475e6356d45c492a7da3e011a1de5
Content/美术/Art/06_Cards/04_WeaponModCards/T_Card_WeaponMod_12.png,06_Cards,319,452,RGBA,True,True,0,255,42787,81ed67ee70587ee03296be442839c8637394e819a475f462ade60ca0902a1479
Content/美术/Art/06_Cards/04_WeaponModCards/T_Card_WeaponMod_13.png,06_Cards,319,452,RGBA,True,True,0,255,49383,b431001e0ce005a9664e219b6e6d07a1b4af231d7d6a90513cb99923a570aa16
Content/美术/Art/06_Cards/04_WeaponModCards/T_Card_WeaponMod_14.png,06_Cards,319,452,RGBA,True,True,0,255,45203,b3bf1ae36b7725a504d5789595b590e0c26bda7012853487490cf50ffbd6cad1
Content/美术/Art/06_Cards/04_WeaponModCards/T_Card_WeaponMod_15.png,06_Cards,319,452,RGBA,True,True,0,255,45455,7ada8025d6f12c055480afbc1d7d50f756037c6d72048aec0419e0be86da8f07
Content/美术/Art/06_Cards/04_WeaponModCards/T_Card_WeaponMod_16.png,06_Cards,319,452,RGBA,True,True,0,255,47836,4a56e4b84f75de93dbaa2d62fe499f832e4a7cecd46081404a5af4b0c3247f08
Content/美术/Art/06_Cards/04_WeaponModCards/T_Card_WeaponMod_17.png,06_Cards,319,452,RGBA,True,True,0,255,43617,6f2b37b0dd8cd0634d948c23a7fe21e2fb34a329eb2283eaca6054abbfb5f756
Content/美术/Art/06_Cards/04_WeaponModCards/T_Card_WeaponMod_Sheet.png,06_Cards,5423,452,RGBA,True,True,0,255,2038320,c2e1e264c6af74c0fc59f52248c29d26d2c49ea6efd325bcff7d94adb06c3e29
Content/美术/Art/06_Cards/05_CurseRewardCards/T_Card_CurseReward_01.png,06_Cards,724,234,RGBA,True,True,0,253,66620,e18e8a63d1e6343d69030d200dd590bb19b6714e53ea50a8963a0ac2fa593997
Content/美术/Art/06_Cards/05_CurseRewardCards/T_Card_CurseReward_02.png,06_Cards,724,234,RGBA,True,True,0,251,70394,a69c0764e3143b316e6d279b17249a611b06f90e44bfbd79af89bac417bf0a66
Content/美术/Art/06_Cards/05_CurseRewardCards/T_Card_CurseReward_03.png,06_Cards,724,234,RGBA,True,True,0,251,61397,71d16a625cba7c67c403160e145b3c6d23105db525ff02c576d5d146fa8d3b2f
Content/美术/Art/06_Cards/05_CurseRewardCards/T_Card_CurseReward_04.png,06_Cards,724,234,RGBA,True,True,0,253,64360,bf53a686e6eb762e291f9ecb97de06dd9d2e8c0273a0b2c012c85592898fded3
Content/美术/Art/06_Cards/05_CurseRewardCards/T_Card_CurseReward_05.png,06_Cards,724,234,RGBA,True,True,0,251,97049,b6e71d4dfac19105a83429345e8176718a9d8bdb9f7c12dbe6602a935df7417c
Content/美术/Art/06_Cards/05_CurseRewardCards/T_Card_CurseReward_06.png,06_Cards,724,234,RGBA,True,True,0,251,42213,1d45f715847b70b219114b9cd4e611b8ff465565f6744b0b7fb1edc5afd25b64
Content/美术/Art/06_Cards/05_CurseRewardCards/T_Card_CurseReward_07.png,06_Cards,724,234,RGBA,True,True,0,251,43781,c0323468837b3d5be2ca930a61928533d4f646ddf4f88cd245b198624363ca4c
Content/美术/Art/06_Cards/05_CurseRewardCards/T_Card_CurseReward_08.png,06_Cards,724,234,RGBA,True,True,0,251,41339,11ac76fbb6ae70ec3437e4f75f418bca8979f1380682d792e9361130987991b6
Content/美术/Art/06_Cards/05_CurseRewardCards/T_Card_CurseReward_09.png,06_Cards,724,234,RGBA,True,True,0,253,41513,c093f0058faf5422035e093dd02a91fb31ec10dedc65028c362006e3007274e7
Content/美术/Art/06_Cards/05_CurseRewardCards/T_Card_CurseReward_10.png,06_Cards,724,234,RGBA,True,True,0,255,67527,e7759806219ebc87f4cc2b9ce8daeb30ee8975063c4a707907d2780836404725
Content/美术/Art/06_Cards/05_CurseRewardCards/T_Card_CurseReward_11.png,06_Cards,724,234,RGBA,True,True,0,253,54170,11d543da863aa52056fe11d66b17c6a91c82ef2c44ba2e0781e2f126ff122e8d
Content/美术/Art/06_Cards/05_CurseRewardCards/T_Card_CurseReward_12.png,06_Cards,724,234,RGBA,True,True,0,251,54436,134583b7c4178852a6a793e686a90ca04aced1cf583b3c0a801973854c7e7266
Content/美术/Art/06_Cards/05_CurseRewardCards/T_Card_CurseReward_13.png,06_Cards,724,234,RGBA,True,True,0,255,50874,61f55c9b3a034726f35417efde5aba3911ba008fdb45bc35caba799fcd8ba065
Content/美术/Art/06_Cards/05_CurseRewardCards/T_Card_CurseReward_14.png,06_Cards,724,234,RGBA,True,True,0,251,50086,933b25d504103e063d6d4743cf9608efbb41384f4a91945e26c390260aa60421
Content/美术/Art/06_Cards/05_CurseRewardCards/T_Card_CurseReward_15.png,06_Cards,724,234,RGBA,True,True,0,255,53534,90a2cce12b94258380a73bd56edb72d1fe702dfebdbe5fd127fd06fe27cbf7e1
Content/美术/Art/06_Cards/05_CurseRewardCards/T_Card_CurseReward_16.png,06_Cards,724,234,RGBA,True,True,0,251,53465,aba3b2724932e9acbc92d6216bd8ac514fcc7fdc405bc42a90a0fe6a14c8cf1e
Content/美术/Art/06_Cards/05_CurseRewardCards/T_Card_CurseReward_17.png,06_Cards,724,234,RGBA,True,True,0,253,53742,7855389b4555fe015628239715e530427276753284a6f6bc7cdd72ba7542fca9
Content/美术/Art/06_Cards/05_CurseRewardCards/T_Card_CurseReward_18.png,06_Cards,724,234,RGBA,True,True,0,255,50820,df1b8950bfc3a00507b4a004999cea021df7f716a715f9caec1e93f419439cfb
Content/美术/Art/06_Cards/05_CurseRewardCards/T_Card_CurseReward_19.png,06_Cards,724,234,RGBA,True,True,0,255,49143,d67a8f8862eb666785dedf81e8962e0b799d8c0187abb388c7b8b5c52adbd4f3
Content/美术/Art/06_Cards/05_CurseRewardCards/T_Card_CurseReward_20.png,06_Cards,724,234,RGBA,True,True,0,255,52167,6efd48a441b8380d139f06966d28c7e1292b4c89b85a27ea68a537347c1ea91d
Content/美术/Art/06_Cards/05_CurseRewardCards/T_Card_CurseReward_21.png,06_Cards,724,234,RGBA,True,True,0,255,51200,e1bfd3c9a4d177e1b85daf22dc544b3b60442b475ac567f6eccc1aee4a1b3b28
Content/美术/Art/06_Cards/05_CurseRewardCards/T_Card_CurseReward_22.png,06_Cards,724,234,RGBA,True,True,0,255,50021,a13831b553374c7f9d5139aac2d645c2664e6efecec1ee0010efd8ee9040f000
Content/美术/Art/06_Cards/05_CurseRewardCards/T_Card_CurseReward_23.png,06_Cards,724,234,RGBA,True,True,0,255,56744,30b12b682ed6daa6ebc11a14c52cd928c14a2f911c943648555231c8da67d568
Content/美术/Art/06_Cards/05_CurseRewardCards/T_Card_CurseReward_24.png,06_Cards,724,234,RGBA,True,True,0,255,57626,1b8b74e58eb041d1345ac886065cc2013447d38bbbbb304c14a5e3b224990bdf
Content/美术/Art/06_Cards/05_CurseRewardCards/T_Card_CurseReward_25.png,06_Cards,724,234,RGBA,True,True,0,255,46364,7b220452c1c5b0696df93eb8081e65d8d854dc384a9736a0d4a4cf984f25a1ad
Content/美术/Art/06_Cards/05_CurseRewardCards/T_Card_CurseReward_26.png,06_Cards,724,234,RGBA,True,True,0,255,53411,2d741b1a1afaf913c9f3e029bcff791de80f369599509c4cae26a6825d375838
Content/美术/Art/06_Cards/05_CurseRewardCards/T_Card_CurseReward_27.png,06_Cards,724,234,RGBA,True,True,0,255,52641,6f181c6a3cbf130b9541aaa92ee878693d94252167e33890fa865ee29db7cacf
Content/美术/Art/06_Cards/05_CurseRewardCards/T_Card_CurseReward_28.png,06_Cards,724,234,RGBA,True,True,0,255,50599,1eba127166a52a3a8e9bda172654a9e388009bbe2fdcb2284d1e89d421b41190
Content/美术/Art/06_Cards/05_CurseRewardCards/T_Card_CurseReward_29.png,06_Cards,724,234,RGBA,True,True,0,255,49254,0e2a5d33236bca5bc38a4e4f11d0893718772fa1f10bc2fe84ee8e4a39da1fbf
Content/美术/Art/06_Cards/05_CurseRewardCards/T_Card_CurseReward_30.png,06_Cards,724,234,RGBA,True,True,0,255,49699,4f5a0faf8c2e5755c09cbfc5975abee54ea76a07224a2a8f2bb341e6ea9765a4
Content/美术/Art/06_Cards/05_CurseRewardCards/T_Card_CurseReward_31.png,06_Cards,724,234,RGBA,True,True,0,255,206606,727fb243cc4b56ad98e1ea6ed4b791cb011e83ff98a1c854c72b9d23c7d71b31
Content/美术/Art/06_Cards/05_CurseRewardCards/T_Card_CurseReward_Sheet.png,06_Cards,22444,234,RGBA,True,True,0,255,1815768,abf14e791c0116f677bdb3c90881da618e19603190035555e057048a99b988e6
Content/美术/Art/06_Cards/06_CardFramesAndButtons/T_Card_UI_01.png,06_Cards,507,774,RGBA,True,True,0,255,424216,36ab1daba701a2ba353cac21d174645f9039726094b6dd7502d1092611815712
Content/美术/Art/06_Cards/06_CardFramesAndButtons/T_Card_UI_02.png,06_Cards,507,774,RGBA,True,True,0,255,520818,2c7a8ff989dfbbc6502ea5de5b535fa35286108f58e0d72a7a73d24722b9ba9f
Content/美术/Art/06_Cards/06_CardFramesAndButtons/T_Card_UI_03.png,06_Cards,507,774,RGBA,True,True,0,255,122267,bc3f62a8ad8c2c517218067c317cbeea7860b02e84cb0e9b0be28f565a3b87cb
Content/美术/Art/06_Cards/06_CardFramesAndButtons/T_Card_UI_04.png,06_Cards,507,774,RGBA,True,True,0,255,117549,87629495cd34a381e3f974648aee033340088343c6b3d0a9caf754604e697197
Content/美术/Art/06_Cards/06_CardFramesAndButtons/T_Card_UI_05.png,06_Cards,507,774,RGBA,True,True,0,255,123294,aec8c249985959d8235ffa0ee09e4f2f1bd54726e182379f19629a5d88239632
Content/美术/Art/06_Cards/06_CardFramesAndButtons/T_Card_UI_06.png,06_Cards,507,774,RGBA,True,True,0,255,125905,7b065e775b6930bd48da15c91993716d583b7b73b2b017aefc077ab5cb56b3b4
Content/美术/Art/06_Cards/06_CardFramesAndButtons/T_Card_UI_07.png,06_Cards,507,774,RGBA,True,True,0,255,50211,49225e1d465c4da5f26fcc486ceda0c4628b0f0c679d1709937780f90d01cc21
Content/美术/Art/06_Cards/06_CardFramesAndButtons/T_Card_UI_08.png,06_Cards,507,774,RGBA,True,True,0,255,99890,832eb3d912d78d13e2d3304d98865b5c4bf019f8e6038e4360c2c2534a6984eb
Content/美术/Art/06_Cards/06_CardFramesAndButtons/T_Card_UI_09.png,06_Cards,507,774,RGBA,True,True,0,255,74414,624e441208b52aa92993ad6e95fa60836f5b0ef3495f7f4392a8f85a1e5f7f23
Content/美术/Art/06_Cards/06_CardFramesAndButtons/T_Card_UI_10.png,06_Cards,507,774,RGBA,True,True,0,255,43366,a4a4d387110d18e25868e9510ef37b2c06da077c246a127b5e73fbc43c259d14
Content/美术/Art/06_Cards/06_CardFramesAndButtons/T_Card_UI_11.png,06_Cards,507,774,RGBA,True,True,0,255,67878,06c7bc2f83170d216be3db765892a48c21c18a2a1e8bad337e8cb25ac43b29cf
Content/美术/Art/06_Cards/06_CardFramesAndButtons/T_Card_UI_12.png,06_Cards,507,774,RGBA,True,True,0,255,77770,8a5bb40e9dea748d6f472ddfecac1d04991449e22b4c57efff8fa848d94825fe
Content/美术/Art/06_Cards/06_CardFramesAndButtons/T_Card_UI_13.png,06_Cards,507,774,RGBA,True,True,0,255,53928,e28e2ed6485515f76051bb69b070374604844f90dd3bdbd95108639c8067aafd
Content/美术/Art/06_Cards/06_CardFramesAndButtons/T_Card_UI_Sheet.png,06_Cards,6591,774,RGBA,True,True,0,255,1948056,650f173ec3942533e7a6067b593bc3da7d073bf480c45f5df0f55bceaae16b56
Content/美术/Art/07_UI/01_CombatHUD/T_UI_HUD_01_HealthBar_Fill.png,07_UI,277,277,RGBA,True,True,0,255,135724,6756664f911862054157f4b986f4447f93b6f11f56d1dc5973fc895082f8c41b
Content/美术/Art/07_UI/01_CombatHUD/T_UI_HUD_02_HealthBar_Bg.png,07_UI,275,277,RGBA,True,True,0,255,137460,b8ebeace7760a906221b8529f73502c8bced44ef161670c1662a2ab5f4404ee9
Content/美术/Art/07_UI/01_CombatHUD/T_UI_HUD_03_ShieldBar_Fill.png,07_UI,280,278,RGBA,True,True,0,255,139674,3fa75267a59a9e2f033f7ea676e0b8dac32997c7516fee9548f9a99074d50bc4
Content/美术/Art/07_UI/01_CombatHUD/T_UI_HUD_04_ExpBar_Fill.png,07_UI,278,278,RGBA,True,True,0,255,142168,3f6cf889db6858fa9cca992dc44c0251239f6d43272ac73a5a5539bc86e8bd74
Content/美术/Art/07_UI/01_CombatHUD/T_UI_HUD_05_AmmoRadial_Dial.png,07_UI,648,218,RGBA,True,True,0,255,209820,04cc4a2ece8b1ff242afec8056bcc03e7213248866167d8f85c417474d9131aa
Content/美术/Art/07_UI/01_CombatHUD/T_UI_HUD_06_Skill_Q_Cooldown.png,07_UI,649,214,RGBA,True,True,0,255,207197,d412523f30063a3eb3644cd4ba8f486ea9840d1926d1766ac29df61b2b916bfe
Content/美术/Art/07_UI/01_CombatHUD/T_UI_HUD_07_Skill_E_Cooldown.png,07_UI,654,226,RGBA,True,True,0,255,211095,6b3036cbdb947b04af2bda0520ec67d8b41107022c9964dfd50dbffddbcf4c2b
Content/美术/Art/07_UI/01_CombatHUD/T_UI_HUD_08_Minimap_Frame.png,07_UI,650,218,RGBA,True,True,0,255,184582,528232ec69adc086efadf97a45d196dee7191c079efbc7f453b121387487a96e
Content/美术/Art/07_UI/01_CombatHUD/T_UI_HUD_Sheet.png,07_UI,5328,290,RGBA,True,True,0,255,1432319,60ec91064f43aea60c1ac2295a9a77906f6e1b3df938fe22f820287bbabd03fe
Content/美术/Art/07_UI/02_CardSelectionModal/T_UI_Modal_01_WindowBg.png,07_UI,251,209,RGBA,True,True,0,255,77283,9095ea97cd9245a943255e59365de7a9841ad6fd239fd8fb7c39512324b0ff1f
Content/美术/Art/07_UI/02_CardSelectionModal/T_UI_Modal_02_HeaderRibbon.png,07_UI,244,220,RGBA,True,True,0,255,97079,ade807b4bd741ffda09ed38bf3bd26d9a142a172eb0d9fba7a2facefcaaa6bd4
Content/美术/Art/07_UI/02_CardSelectionModal/T_UI_Modal_03_CardSlot_Left.png,07_UI,218,232,RGBA,True,True,0,255,79911,ad374e7e0761237eb49d754ec27ccb62e8f0c4f8abf009b2e2cb8208334490fe
Content/美术/Art/07_UI/02_CardSelectionModal/T_UI_Modal_04_CardSlot_Mid.png,07_UI,235,213,RGBA,True,True,0,255,86400,5cc8dd598d3afc1d09bb769f243376c387d9a215d05c7010b5bdb220eca49b2b
Content/美术/Art/07_UI/02_CardSelectionModal/T_UI_Modal_05_CardSlot_Right.png,07_UI,458,146,RGBA,True,True,0,255,93968,08c33cf4e8478231d4a8530b9b2d16247cbc9ecbf955ce115653d1eda25ec7e4
Content/美术/Art/07_UI/02_CardSelectionModal/T_UI_Modal_06_Btn_Reroll.png,07_UI,367,69,RGBA,True,True,0,255,29745,8967e6b25bfac77398f978e4195ca6d8b2e5b1fce89f70ce9c0f3bb131c9e273
Content/美术/Art/07_UI/02_CardSelectionModal/T_UI_Modal_07_Btn_Skip.png,07_UI,679,140,RGBA,True,True,0,255,136161,9790e7428d9d6e467fbacbe030c7d6f620e60ca0b06fa5c9ed0c5c5b789a77a1
Content/美术/Art/07_UI/02_CardSelectionModal/T_UI_Modal_08_Btn_Confirm.png,07_UI,528,69,RGBA,True,True,0,255,36414,936786726c875d9053312200c73c99eaa5294c1d523e285a10e433451403d7e1
Content/美术/Art/07_UI/02_CardSelectionModal/T_UI_Modal_09_ProgressTrack.png,07_UI,752,189,RGBA,True,True,0,255,169621,6903590a3c0f71358a3be548f6128172959b2c3daae8feb41fd13f3d665ae8b8
Content/美术/Art/07_UI/02_CardSelectionModal/T_UI_Modal_10_GlowBorder.png,07_UI,564,77,RGBA,True,True,0,255,46221,986dc028c6e8a5a3514fe10581c9e2541d11e14411002eec52dbfc4f80e4b274
Content/美术/Art/07_UI/02_CardSelectionModal/T_UI_Modal_11_CornerOrnament.png,07_UI,669,165,RGBA,True,True,0,255,140119,756386b408d95970f54100adfc0799446a835f22fbdaff9ad196ace09a94a011
Content/美术/Art/07_UI/02_CardSelectionModal/T_UI_Modal_12_Btn_Close.png,07_UI,662,159,RGBA,True,True,0,255,151509,920019ccca3a810006f41387f65fac793e3d775474437fc36a828c894f76867e
Content/美术/Art/07_UI/02_CardSelectionModal/T_UI_Modal_Sheet.png,07_UI,9168,244,RGBA,True,True,0,255,1229800,4b4d8ec49eac746bbca9c9de118a65e5c4dd26683cd05fb34ebe7c68d3d45070
Content/美术/Art/07_UI/03_BossHealthBar/T_UI_BossBar_01_Seg1_Fill.png,07_UI,316,327,RGBA,True,True,0,254,168262,2e42cca780e70e43acd3ff2d9f85d180e2ccc67c2a3424fbce48f288256890af
Content/美术/Art/07_UI/03_BossHealthBar/T_UI_BossBar_02_Seg2_Fill.png,07_UI,261,265,RGBA,True,True,0,255,118942,e664e1b13b7954a700e44959a51012485c4daed273d992c2475e598a8ec15611
Content/美术/Art/07_UI/03_BossHealthBar/T_UI_BossBar_03_Seg3_Fill.png,07_UI,261,268,RGBA,True,True,0,255,120255,0c70c3be2befbf111c741e22e8365ab6ce12f4074a2478168cfce0fccb797c16
Content/美术/Art/07_UI/03_BossHealthBar/T_UI_BossBar_04_Frame_Bg.png,07_UI,487,140,RGBA,True,True,0,255,107860,387dc90c6161b9375466366b9179ea675a3848157f62ee886f355b246fe11845
Content/美术/Art/07_UI/03_BossHealthBar/T_UI_BossBar_05_Skull_Normal.png,07_UI,258,259,RGBA,True,True,0,255,115120,e1849af7dfaf40f675ef6f4d1e9934e79847e670d07581f59bb3b3a987c073e1
Content/美术/Art/07_UI/03_BossHealthBar/T_UI_BossBar_06_Skull_Enraged.png,07_UI,417,288,RGBA,True,True,0,255,115890,5359604751fda943740d133b926163cf724a555a9b92c778dd2fc61a2e807f1a
Content/美术/Art/07_UI/03_BossHealthBar/T_UI_BossBar_07_RageMeter_Fill.png,07_UI,163,224,RGBA,True,True,0,255,60470,1f3539b3a59788171f85d584a9e42cd6a57fbe3b20cb840b87480a1bb12357c7
Content/美术/Art/07_UI/03_BossHealthBar/T_UI_BossBar_08_DangerToast_Banner.png,07_UI,221,240,RGBA,True,True,0,255,72777,22f740eb0e45c9f23c470bb227101b95ca93ba059be9fa08ab03a5c63bfa2499
Content/美术/Art/07_UI/03_BossHealthBar/T_UI_BossBar_09_PhaseDivider.png,07_UI,339,298,RGBA,True,True,0,255,78211,12318bc3c3732b632384b5744e10a6a232ad9c4297f7068ab72b3c83bf3e42af
Content/美术/Art/07_UI/03_BossHealthBar/T_UI_BossBar_10_ArmorShield_Fill.png,07_UI,336,339,RGBA,True,True,0,253,102227,f7fbc9e4dbf8d8ba2bed094d1e34d987cee706d92a845e714909f1285d7de5b0
Content/美术/Art/07_UI/03_BossHealthBar/T_UI_BossBar_11_GlowPulse.png,07_UI,294,297,RGBA,True,True,0,255,92720,27051ab0a1c3751a44b662ae777ba5c8c201e54b260a4db5e7c9dd2f4dba3f37
Content/美术/Art/07_UI/03_BossHealthBar/T_UI_BossBar_12_WarningIcon.png,07_UI,227,230,RGBA,True,True,0,255,85142,66718ed68feedf5edc2e11cba620507dc5b9b7b13637a747adc0d9e27d63b3a2
Content/美术/Art/07_UI/03_BossHealthBar/T_UI_BossBar_13_PhaseMarker_01.png,07_UI,125,123,RGBA,True,True,0,51,5438,98e3dec7e989b777f2202980c751ab47c482841d8c1d8f39cae01e93b92913a7
Content/美术/Art/07_UI/03_BossHealthBar/T_UI_BossBar_14_PhaseMarker_02.png,07_UI,181,180,RGBA,True,True,0,55,7925,96e248e62be664a72da7ddff91bb1e0ea64838fae90fee244abb07d2b799d6c9
Content/美术/Art/07_UI/03_BossHealthBar/T_UI_BossBar_Sheet.png,07_UI,6986,351,RGBA,True,True,0,255,1331489,6baae41387aa00ef5b6d74ff880f818df9d0477ac0f542b2d203726c59727ab8
Content/美术/Art/07_UI/04_PauseSettingsMenu/T_UI_Settings_01_WindowBg.png,07_UI,315,313,RGBA,True,True,0,255,163574,90bc0e20c123e987460091864aaa513ffa99d6dd917cedbe092aaed228e9c701
Content/美术/Art/07_UI/04_PauseSettingsMenu/T_UI_Settings_02_Tab_Audio.png,07_UI,315,312,RGBA,True,True,0,255,161573,8be06afd51fdbcae34a0eb3694a1dcbc84d934a048ef786389e72daca05e7f57
Content/美术/Art/07_UI/04_PauseSettingsMenu/T_UI_Settings_03_Tab_Graphics.png,07_UI,316,311,RGBA,True,True,0,255,163383,38258d3685a06060b7ef4270960f7d7f79adc04a345deeb292c48d62596ab241
Content/美术/Art/07_UI/04_PauseSettingsMenu/T_UI_Settings_04_Tab_Controls.png,07_UI,317,312,RGBA,True,True,0,255,158724,b93a1a15ecedd23681694f1c6ce21b5097040903c877bd1e275d819af8e555ce
Content/美术/Art/07_UI/04_PauseSettingsMenu/T_UI_Settings_05_Tab_Gameplay.png,07_UI,313,315,RGBA,True,True,0,255,180375,ba73a5f2fc31a3b1db34cdeb2b89f30848c6707528ae47e6ff7d640825d5cb1b
Content/美术/Art/07_UI/04_PauseSettingsMenu/T_UI_Settings_06_Slider_Track.png,07_UI,314,316,RGBA,True,True,0,255,185944,09ce547aa4199339f1c6a7c08c66e3f305c8626f5ae6b71bcc6da6dd3c4841a9
Content/美术/Art/07_UI/04_PauseSettingsMenu/T_UI_Settings_07_Slider_Thumb.png,07_UI,313,317,RGBA,True,True,0,255,177746,bfc4f7406ac19bef508f0d39b893f06a501f107c7f4f8b9482b9c6939f53ab34
Content/美术/Art/07_UI/04_PauseSettingsMenu/T_UI_Settings_08_Toggle_On.png,07_UI,313,316,RGBA,True,True,0,255,163095,4d58701caffb3a40df66e1988b6dde0c4dd4b3840531d8405e0b3a64ceaa6f7c
Content/美术/Art/07_UI/04_PauseSettingsMenu/T_UI_Settings_09_Toggle_Off.png,07_UI,294,297,RGBA,True,True,0,255,163848,20260d2476820e70a6590598fbb37cb9e9d556469a4d4e90ba7520a5305abeda
Content/美术/Art/07_UI/04_PauseSettingsMenu/T_UI_Settings_10_Keybind_Box.png,07_UI,295,297,RGBA,True,True,0,255,160331,8b6b96d64e8b8a9c023825a713e8533576123b9bc9fac0ac57f5d4eeaeb281f5
Content/美术/Art/07_UI/04_PauseSettingsMenu/T_UI_Settings_11_Btn_Resume.png,07_UI,296,297,RGBA,True,True,0,255,157201,ce59fc64025a1e5b0a784b17690b8821a11217541ec00d2d8f9b073eda155fb0
Content/美术/Art/07_UI/04_PauseSettingsMenu/T_UI_Settings_12_Btn_Restart.png,07_UI,83,91,RGBA,True,True,0,251,9373,536c21de27c4c4f618e8614917034254fdb122f84c6871c0fd400512a19d732d
Content/美术/Art/07_UI/04_PauseSettingsMenu/T_UI_Settings_13_Btn_MainMenu.png,07_UI,88,92,RGBA,True,True,0,253,9915,17aedd330cef283f9f666b5ea483d20d3a6115cc9295f85bc4599b14827be4d8
Content/美术/Art/07_UI/04_PauseSettingsMenu/T_UI_Settings_14_Btn_Quit.png,07_UI,84,92,RGBA,True,True,0,252,9590,10a18d5b81348a67a813110c632ec7c52506c189ed2b4af51dd61263d3665a6b
Content/美术/Art/07_UI/04_PauseSettingsMenu/T_UI_Settings_15_Volume_Master.png,07_UI,79,90,RGBA,True,True,0,250,7836,78eee42ea6ac3ed453b00a5a2c5c9b654673265dfffdb0f474416bb52b2d8b53
Content/美术/Art/07_UI/04_PauseSettingsMenu/T_UI_Settings_16_Volume_BGM.png,07_UI,288,101,RGBA,True,True,0,251,38076,f55813ebcb31bc056ae1e5a4873d472034c27331bb6aab0fa4a6c3199e4f7da3
Content/美术/Art/07_UI/04_PauseSettingsMenu/T_UI_Settings_17_Volume_SFX.png,07_UI,93,96,RGBA,True,True,0,246,9018,cb6859aec5e4b46a4f0e2ebb8a21a71b7835191e34a4b29dde1b364f3ed496d8
Content/美术/Art/07_UI/04_PauseSettingsMenu/T_UI_Settings_18_Resolution_Dropdown.png,07_UI,284,99,RGBA,True,True,0,245,32472,7df507765db224fc8a07738c41cec8840d61025e75952f28d622176fc3c7ca6b
Content/美术/Art/07_UI/04_PauseSettingsMenu/T_UI_Settings_19_Fullscreen_Checkbox.png,07_UI,98,101,RGBA,True,True,0,249,16808,9662b0fa1e2135863da89a80606ade82aaa95eb272209f2b96c74363f2838738
Content/美术/Art/07_UI/04_PauseSettingsMenu/T_UI_Settings_20_Btn_Apply.png,07_UI,92,46,RGBA,True,True,0,220,6076,48c4cd1c67adfd148dd1ad7dcf564145a225e180412be192ae31daf70895bb9a
Content/美术/Art/07_UI/04_PauseSettingsMenu/T_UI_Settings_Sheet.png,07_UI,6580,329,RGBA,True,True,0,255,2049249,276a5d78ccba8a0d9aa620a5d7ba0932a03f90f159e8818aa13af0db5c53d6dd
Content/美术/Art/07_UI/05_GameOverScreen/T_UI_GameOver_01_VictoryBanner.png,07_UI,343,147,RGBA,True,True,0,255,95487,f2c09a009b557e0d9a80e1f3d39e756e7b4d5787f7803e3972b89153c8851077
Content/美术/Art/07_UI/05_GameOverScreen/T_UI_GameOver_02_DefeatBanner.png,07_UI,347,197,RGBA,True,True,0,255,118130,93606ca85643c0a7ad79f51ea967a2704aa0cb4b04eb4743e81f18328769761a
Content/美术/Art/07_UI/05_GameOverScreen/T_UI_GameOver_03_StatsPanel.png,07_UI,353,182,RGBA,True,True,0,255,101746,a85f09555bdaa697e1ca21cf3233a92256e76e51960166a8f27749efc36fa4e5
Content/美术/Art/07_UI/05_GameOverScreen/T_UI_GameOver_04_ScoreCounter_Bg.png,07_UI,342,150,RGBA,True,True,0,255,91730,9b59d2e9429ad4c526c483e524e32ed44079f7325c0e5752450f74051e253cd9
Content/美术/Art/07_UI/05_GameOverScreen/T_UI_GameOver_05_Trophy_Gold.png,07_UI,338,164,RGBA,True,True,0,255,89748,af12174c7e9893a8ae77900dc0bd56c84cefad867ea37b8b807f39d1f68b53fa
Content/美术/Art/07_UI/05_GameOverScreen/T_UI_GameOver_06_Trophy_Silver.png,07_UI,343,155,RGBA,True,True,0,254,88604,7c9351f5ab948cf9955e0fc2efd8567e3f06a7808c923c76393c80109232daf9
Content/美术/Art/07_UI/05_GameOverScreen/T_UI_GameOver_07_Skull_Defeat.png,07_UI,345,156,RGBA,True,True,0,255,86791,70c3b7d83f0de0e0209cddc5e65d05706f8b8983a954bc371a1e69e9beff1020
Content/美术/Art/07_UI/05_GameOverScreen/T_UI_GameOver_08_Btn_Retry.png,07_UI,342,161,RGBA,True,True,0,254,84907,973fa616dc55d1dac76c05be2573722c23050d4b31723bdae8d79bd2b97467e3
Content/美术/Art/07_UI/05_GameOverScreen/T_UI_GameOver_09_Btn_ReturnHub.png,07_UI,336,316,RGBA,True,True,0,253,155789,77c0a48d436ab78727fff86554896ffb097e8301c5cb4f43af552dbf35be7c4a
Content/美术/Art/07_UI/05_GameOverScreen/T_UI_GameOver_10_Btn_Share.png,07_UI,428,387,RGBA,True,True,0,255,274665,cf965af22f80dbbe6109a81de72c00b3f976e9c206e1b4ce365a867acd40ca59
Content/美术/Art/07_UI/05_GameOverScreen/T_UI_GameOver_11_CoinIcon.png,07_UI,208,209,RGBA,True,True,0,255,71985,0b67ea7370e27fcad0a302738a7469f71c528f887d978f4ecb87aba15fc61ea3
Content/美术/Art/07_UI/05_GameOverScreen/T_UI_GameOver_12_KillCountIcon.png,07_UI,293,305,RGBA,True,True,0,255,124473,f10de7964b34838c4b659298f5fe8f6ec07455a81d2ed5909e35d6412619d5f9
Content/美术/Art/07_UI/05_GameOverScreen/T_UI_GameOver_13_TimeSurvivalIcon.png,07_UI,167,179,RGBA,True,True,0,255,58865,3fc63e88bac0427fb0ffeeed1674e007cd1c62156695581aab097d3bb8dc43ba
Content/美术/Art/07_UI/05_GameOverScreen/T_UI_GameOver_14_CardInventory_Grid.png,07_UI,174,164,RGBA,True,True,0,255,50244,4521f2dd4effcba32a73942e358c60611f31d23d30d2184dbd07fae6e4b6fa2e
Content/美术/Art/07_UI/05_GameOverScreen/T_UI_GameOver_Sheet.png,07_UI,6160,399,RGBA,True,True,0,255,1545798,25e9afa96a45e9df447adf8b35c970a497ac87ecdbd689ac65b4aa5a04f5a9fe
Content/美术/Art/08_Maps/Stage00_Start/T_Map_Stage00_Start_Ground.png,08_Maps,941,1672,RGBA,True,True,0,255,2962396,ade370b85a771a8084c02d18b57419e90e59c80ea1492321fa1b14fbc2d25a45
Content/美术/Art/08_Maps/Stage00_Start/T_Map_Stage00_Start_Overhead.png,08_Maps,941,1672,RGBA,True,True,0,255,1801382,e916bdebd8d5f1e281e481bd31afad3c520dbbe1f7a2aa95ad5ae3c5b14c93db
Content/美术/Art/08_Maps/Stage01_Z1/T_Map_Stage01_Z1_Ground.png,08_Maps,941,1672,RGBA,True,True,0,255,3064013,b83db4c6260cfcc39e980cadc5dda1fc1f22f3b4451913b577e9bc78836ef036
Content/美术/Art/08_Maps/Stage01_Z1/T_Map_Stage01_Z1_Overhead.png,08_Maps,941,1672,RGBA,True,True,0,255,1889533,a85ae5c8cbcf3179b9050c53b35de32adcb73cd0cf6625879ab0968483f033e5
Content/美术/Art/08_Maps/Stage02_Z2/T_Map_Stage02_Z2_Ground.png,08_Maps,941,1672,RGBA,True,True,0,255,3132327,8de6bd1f0c8a2c19d099474cef365b2441c153257ce264d6aaf85ec55671a3c0
Content/美术/Art/08_Maps/Stage02_Z2/T_Map_Stage02_Z2_Overhead.png,08_Maps,941,1672,RGBA,True,True,0,255,1844912,ca4b852b7a041033c441c0ae927471f97e3cc37a46fd57462be12103083b680a
Content/美术/Art/08_Maps/Stage03_Z3/T_Map_Stage03_Z3_Ground.png,08_Maps,941,1672,RGBA,True,True,0,255,2901122,9354d0d4b55860a867b224f2c103574fbef69cbde42b85b5a18faf73687706be
Content/美术/Art/08_Maps/Stage03_Z3/T_Map_Stage03_Z3_Overhead.png,08_Maps,941,1672,RGBA,True,True,0,255,1957067,e71e8201957d63a2fe6f20017983b8c383cd06f23f6740ab24132996b3fc554c
Content/美术/Art/08_Maps/Stage04_Boss/T_Map_Stage04_Boss_Ground.png,08_Maps,941,1672,RGBA,True,True,0,255,2609120,b5130f4018b502a128fb82873e13a70e31beb6573c351a6591e6f3a9976a2525
Content/美术/Art/08_Maps/Stage04_Boss/T_Map_Stage04_Boss_Overhead.png,08_Maps,941,1672,RGBA,True,True,0,255,1698128,60685bcae45fbda7841fc81c28568672a15e36868aa7d0906c1eada5d75fb74a
